signal_time,entry_time,exit_time,side,entry,exit,stop,target,r_multiple,result,grade,mtf_score,alignment
2026-02-24T09:45:00+05:30,2026-02-24T09:45:00+05:30,2026-02-24T09:49:00+05:30,SELL,25500.3,25533.042857142857,25533.042857142857,25459.371428571427,-1.0,LOSS,A,65,INTRADAY ALIGNED
2026-02-24T10:15:00+05:30,2026-02-24T10:15:00+05:30,2026-02-24T11:23:00+05:30,SELL,25484.0,25517.782142857144,25517.782142857144,25441.772321428572,-1.0,LOSS,A,65,INTRADAY ALIGNED
2026-02-24T12:20:00+05:30,2026-02-24T12:20:00+05:30,2026-02-24T12:25:00+05:30,SELL,25445.05,25421.63482142857,25463.782142857144,25421.63482142857,1.25,WIN,A,65,INTRADAY ALIGNED
2026-02-24T12:30:00+05:30,2026-02-24T12:30:00+05:30,2026-02-24T12:47:00+05:30,SELL,25429.3,25404.621428571427,25449.042857142857,25404.621428571427,1.25,WIN,A,65,INTRADAY ALIGNED
2026-02-24T12:50:00+05:30,2026-02-24T12:50:00+05:30,2026-02-24T13:04:00+05:30,SELL,25392.8,25412.87857142857,25412.87857142857,25367.701785714286,-1.0,LOSS,A,65,INTRADAY ALIGNED
2026-02-24T13:25:00+05:30,2026-02-24T13:25:00+05:30,2026-02-24T13:31:00+05:30,SELL,25397.75,25373.254464285714,25417.34642857143,25373.254464285714,1.25,WIN,A,65,INTRADAY ALIGNED
2026-02-24T13:35:00+05:30,2026-02-24T13:35:00+05:30,2026-02-24T13:39:00+05:30,SELL,25339.85,25360.78214285714,25360.78214285714,25313.68482142857,-1.0,LOSS,A,65,INTRADAY ALIGNED
2026-02-24T13:40:00+05:30,2026-02-24T13:40:00+05:30,2026-02-24T13:57:00+05:30,SELL,25377.65,25401.107142857145,25401.107142857145,25348.328571428574,-1.0,LOSS,A,65,INTRADAY ALIGNED
2026-02-25T10:00:00+05:30,2026-02-25T10:00:00+05:30,2026-02-25T10:17:00+05:30,BUY,25600.85,25638.908035714285,25570.40357142857,25638.908035714285,1.25,WIN,A,65,INTRADAY ALIGNED
2026-02-25T10:20:00+05:30,2026-02-25T10:20:00+05:30,2026-02-25T10:49:00+05:30,BUY,25638.9,25607.89642857143,25607.89642857143,25677.654464285715,-1.0,LOSS,A,65,INTRADAY ALIGNED
2026-02-25T13:25:00+05:30,2026-02-25T13:25:00+05:30,2026-02-25T14:19:00+05:30,SELL,25455.7,25483.464285714286,25483.464285714286,25420.994642857142,-1.0,LOSS,A,65,INTRADAY ALIGNED
2026-02-25T14:30:00+05:30,2026-02-25T14:30:00+05:30,2026-02-25T14:32:00+05:30,SELL,25449.5,25473.417857142857,25473.417857142857,25419.602678571428,-1.0,LOSS,A,65,INTRADAY ALIGNED
2026-02-26T10:15:00+05:30,2026-02-26T10:15:00+05:30,2026-02-26T10:30:00+05:30,BUY,25558.6,25527.632142857143,25527.632142857143,25597.30982142857,-1.0,LOSS,A,65,INTRADAY ALIGNED
2026-02-26T12:30:00+05:30,2026-02-26T12:30:00+05:30,2026-02-26T12:42:00+05:30,SELL,25430.85,25458.717857142856,25458.717857142856,25396.015178571426,-1.0,LOSS,A,80,INTRADAY ALIGNED
2026-02-26T13:00:00+05:30,2026-02-26T13:00:00+05:30,2026-02-26T13:03:00+05:30,SELL,25415.4,25438.853571428575,25438.853571428575,25386.083035714288,-1.0,LOSS,A,80,INTRADAY ALIGNED
2026-02-26T13:20:00+05:30,2026-02-26T13:20:00+05:30,2026-02-26T13:27:00+05:30,SELL,25420.35,25444.585714285713,25444.585714285713,25390.055357142854,-1.0,LOSS,A,80,INTRADAY ALIGNED
2026-02-26T13:50:00+05:30,2026-02-26T13:50:00+05:30,2026-02-26T13:54:00+05:30,SELL,25418.65,25440.646428571432,25440.646428571432,25391.154464285715,-1.0,LOSS,A+,90,INTRADAY ALIGNED
2026-02-27T09:45:00+05:30,2026-02-27T09:45:00+05:30,2026-02-27T10:06:00+05:30,SELL,25363.8,25320.679464285713,25398.296428571426,25320.679464285713,1.25,WIN,A,65,INTRADAY ALIGNED
2026-02-27T10:10:00+05:30,2026-02-27T10:10:00+05:30,2026-02-27T11:36:00+05:30,SELL,25319.7,25282.378571428573,25349.557142857142,25282.378571428573,1.25,WIN,A,65,INTRADAY ALIGNED
2026-02-27T11:40:00+05:30,2026-02-27T11:40:00+05:30,2026-02-27T11:46:00+05:30,SELL,25282.3,25300.664285714283,25300.664285714283,25259.34464285714,-1.0,LOSS,A+,90,INTRADAY ALIGNED
2026-02-27T12:15:00+05:30,2026-02-27T12:15:00+05:30,2026-02-27T12:28:00+05:30,SELL,25285.35,25302.942857142854,25302.942857142854,25263.358928571426,-1.0,LOSS,A+,90,INTRADAY ALIGNED
2026-02-27T13:05:00+05:30,2026-02-27T13:05:00+05:30,2026-02-27T13:26:00+05:30,SELL,25278.9,25297.285714285717,25297.285714285717,25255.91785714286,-1.0,LOSS,A+,90,INTRADAY ALIGNED
2026-03-02T09:55:00+05:30,2026-03-02T09:55:00+05:30,2026-03-02T11:26:00+05:30,SELL,24886.7,24827.1,24976.15,24774.8875,0.6663,TIME_EXIT,A,70,INTRADAY ALIGNED
2026-03-02T11:30:00+05:30,2026-03-02T11:30:00+05:30,2026-03-02T11:47:00+05:30,SELL,24802.8,24827.77142857143,24827.77142857143,24771.585714285713,-1.0,LOSS,A+,90,INTRADAY ALIGNED
2026-03-02T12:00:00+05:30,2026-03-02T12:00:00+05:30,2026-03-02T12:15:00+05:30,SELL,24784.15,24756.54285714286,24806.235714285714,24756.54285714286,1.25,WIN,A+,90,INTRADAY ALIGNED
2026-03-02T12:20:00+05:30,2026-03-02T12:20:00+05:30,2026-03-02T12:39:00+05:30,SELL,24725.3,24695.965178571427,24748.767857142855,24695.965178571427,1.25,WIN,A+,90,INTRADAY ALIGNED
2026-03-02T12:40:00+05:30,2026-03-02T12:40:00+05:30,2026-03-02T13:42:00+05:30,SELL,24695.65,24665.44017857143,24719.817857142858,24665.44017857143,1.25,WIN,A+,90,INTRADAY ALIGNED
2026-03-02T13:50:00+05:30,2026-03-02T13:50:00+05:30,2026-03-02T13:56:00+05:30,SELL,24661.05,24635.866964285713,24681.196428571428,24635.866964285713,1.25,WIN,A+,90,INTRADAY ALIGNED
2026-03-02T14:00:00+05:30,2026-03-02T14:00:00+05:30,2026-03-02T14:04:00+05:30,SELL,24615.55,24636.34642857143,24636.34642857143,24589.554464285713,-1.0,LOSS,A+,90,INTRADAY ALIGNED
2026-03-04T10:00:00+05:30,2026-03-04T10:00:00+05:30,2026-03-04T10:15:00+05:30,SELL,24325.8,24406.485714285714,24406.485714285714,24224.942857142858,-1.0,LOSS,A,65,INTRADAY ALIGNED
2026-03-04T11:35:00+05:30,2026-03-04T11:35:00+05:30,2026-03-04T11:52:00+05:30,SELL,24365.75,24395.207142857143,24395.207142857143,24328.928571428572,-1.0,LOSS,A+,90,INTRADAY ALIGNED
2026-03-04T12:20:00+05:30,2026-03-04T12:20:00+05:30,2026-03-04T12:48:00+05:30,SELL,24371.35,24395.02857142857,24395.02857142857,24341.751785714285,-1.0,LOSS,A+,90,INTRADAY ALIGNED
2026-03-05T09:55:00+05:30,2026-03-05T09:55:00+05:30,2026-03-05T10:15:00+05:30,BUY,24648.85,24597.842857142856,24597.842857142856,24712.608928571426,-1.0,LOSS,A,65,INTRADAY ALIGNED
2026-03-05T11:00:00+05:30,2026-03-05T11:00:00+05:30,2026-03-05T11:16:00+05:30,BUY,24667.2,24636.27142857143,24636.27142857143,24705.860714285714,-1.0,LOSS,A,65,INTRADAY ALIGNED
2026-03-05T11:20:00+05:30,2026-03-05T11:20:00+05:30,2026-03-05T11:24:00+05:30,BUY,24657.65,24629.007142857143,24629.007142857143,24693.453571428574,-1.0,LOSS,A,65,INTRADAY ALIGNED
2026-03-05T12:40:00+05:30,2026-03-05T12:40:00+05:30,2026-03-05T12:47:00+05:30,BUY,24653.15,24625.714285714286,24625.714285714286,24687.444642857143,-1.0,LOSS,A,65,INTRADAY ALIGNED
2026-03-05T13:00:00+05:30,2026-03-05T13:00:00+05:30,2026-03-05T13:20:00+05:30,BUY,24653.95,24627.675000000003,24627.675000000003,24686.79375,-1.0,LOSS,A,65,INTRADAY ALIGNED
2026-03-06T12:15:00+05:30,2026-03-06T12:15:00+05:30,2026-03-06T12:29:00+05:30,SELL,24608.6,24581.501785714285,24630.27857142857,24581.501785714285,1.25,WIN,A,75,INTRADAY ALIGNED
2026-03-06T12:30:00+05:30,2026-03-06T12:30:00+05:30,2026-03-06T12:45:00+05:30,SELL,24578.25,24599.867857142857,24599.867857142857,24551.227678571428,-1.0,LOSS,A,65,INTRADAY ALIGNED
2026-03-06T13:55:00+05:30,2026-03-06T13:55:00+05:30,2026-03-06T14:01:00+05:30,SELL,24574.25,24547.758928571428,24595.442857142858,24547.758928571428,1.25,WIN,A,65,INTRADAY ALIGNED
2026-03-06T14:05:00+05:30,2026-03-06T14:05:00+05:30,2026-03-06T14:11:00+05:30,SELL,24566.45,24589.47142857143,24589.47142857143,24537.673214285714,-1.0,LOSS,A,80,INTRADAY ALIGNED
2026-03-06T14:45:00+05:30,2026-03-06T14:45:00+05:30,2026-03-06T14:49:00+05:30,SELL,24543.5,24510.741071428572,24569.707142857143,24510.741071428572,1.25,WIN,A,65,INTRADAY ALIGNED
2026-03-09T09:45:00+05:30,2026-03-09T09:45:00+05:30,2026-03-09T10:12:00+05:30,SELL,23737.4,23825.682142857146,23825.682142857146,23627.047321428574,-1.0,LOSS,A,80,INTRADAY ALIGNED
2026-03-10T10:15:00+05:30,2026-03-10T10:15:00+05:30,2026-03-10T10:44:00+05:30,BUY,24151.5,24223.01785714286,24094.285714285714,24223.01785714286,1.25,WIN,A,65,INTRADAY ALIGNED
2026-03-10T10:45:00+05:30,2026-03-10T10:45:00+05:30,2026-03-10T10:58:00+05:30,BUY,24217.2,24176.535714285714,24176.535714285714,24268.03035714286,-1.0,LOSS,A,65,INTRADAY ALIGNED
2026-03-10T11:10:00+05:30,2026-03-10T11:10:00+05:30,2026-03-10T12:15:00+05:30,BUY,24219.1,24184.75,24184.75,24262.0375,-1.0,LOSS,A,65,INTRADAY ALIGNED
2026-03-10T13:40:00+05:30,2026-03-10T13:40:00+05:30,2026-03-10T13:49:00+05:30,BUY,24251.7,24224.414285714287,24224.414285714287,24285.807142857142,-1.0,LOSS,A,65,INTRADAY ALIGNED
2026-03-10T14:10:00+05:30,2026-03-10T14:10:00+05:30,2026-03-10T14:20:00+05:30,BUY,24276.75,24250.4,24250.4,24309.6875,-1.0,LOSS,A,80,INTRADAY ALIGNED
2026-03-11T10:40:00+05:30,2026-03-11T10:40:00+05:30,2026-03-11T11:18:00+05:30,SELL,24087.0,24047.683035714286,24118.45357142857,24047.683035714286,1.25,WIN,A,65,INTRADAY ALIGNED
2026-03-11T11:20:00+05:30,2026-03-11T11:20:00+05:30,2026-03-11T11:32:00+05:30,SELL,24042.1,24008.14464285714,24069.264285714286,24008.14464285714,1.25,WIN,A,65,INTRADAY ALIGNED
2026-03-11T11:35:00+05:30,2026-03-11T11:35:00+05:30,2026-03-11T13:04:00+05:30,SELL,24001.45,23964.77142857143,24030.792857142857,23964.77142857143,1.25,WIN,A+,90,INTRADAY ALIGNED
2026-03-11T13:05:00+05:30,2026-03-11T13:05:00+05:30,2026-03-11T13:14:00+05:30,SELL,23962.15,23928.708035714288,23988.90357142857,23928.708035714288,1.25,WIN,A,80,INTRADAY ALIGNED
2026-03-11T13:15:00+05:30,2026-03-11T13:15:00+05:30,2026-03-11T13:25:00+05:30,SELL,23930.7,23957.410714285714,23957.410714285714,23897.31160714286,-1.0,LOSS,A,80,INTRADAY ALIGNED
2026-03-11T13:45:00+05:30,2026-03-11T13:45:00+05:30,2026-03-11T14:19:00+05:30,SELL,23958.45,23922.400892857146,23987.289285714287,23922.400892857146,1.25,WIN,A,80,INTRADAY ALIGNED
2026-03-11T14:20:00+05:30,2026-03-11T14:20:00+05:30,2026-03-11T14:29:00+05:30,SELL,23916.9,23944.771428571432,23944.771428571432,23882.060714285715,-1.0,LOSS,A,80,INTRADAY ALIGNED
2026-03-11T14:45:00+05:30,2026-03-11T14:45:00+05:30,2026-03-11T15:00:00+05:30,SELL,23921.55,23882.93839285714,23952.439285714285,23882.93839285714,1.25,WIN,A,80,INTRADAY ALIGNED
2026-03-12T10:15:00+05:30,2026-03-12T10:15:00+05:30,2026-03-12T10:27:00+05:30,SELL,23610.5,23666.1,23666.1,23541.0,-1.0,LOSS,A,65,INTRADAY ALIGNED
2026-03-12T14:45:00+05:30,2026-03-12T14:45:00+05:30,2026-03-12T14:51:00+05:30,SELL,23673.15,23629.100892857143,23708.38928571429,23629.100892857143,1.25,WIN,A+,90,INTRADAY ALIGNED
2026-03-13T09:45:00+05:30,2026-03-13T09:45:00+05:30,2026-03-13T09:56:00+05:30,SELL,23426.55,23361.755357142854,23478.385714285712,23361.755357142854,1.25,WIN,A+,90,INTRADAY ALIGNED
2026-03-13T10:00:00+05:30,2026-03-13T10:00:00+05:30,2026-03-13T11:31:00+05:30,SELL,23349.1,23373.55,23398.132142857143,23287.80982142857,-0.4987,TIME_EXIT,A,75,INTRADAY ALIGNED
2026-03-13T12:10:00+05:30,2026-03-13T12:10:00+05:30,2026-03-13T12:23:00+05:30,SELL,23333.9,23300.873214285715,23360.32142857143,23300.873214285715,1.25,WIN,A,80,INTRADAY ALIGNED
2026-03-13T12:25:00+05:30,2026-03-13T12:25:00+05:30,2026-03-13T12:33:00+05:30,SELL,23273.3,23238.1125,23301.45,23238.1125,1.25,WIN,A,80,INTRADAY ALIGNED
2026-03-13T12:35:00+05:30,2026-03-13T12:35:00+05:30,2026-03-13T12:42:00+05:30,SELL,23241.0,23202.59375,23271.725,23202.59375,1.25,WIN,A+,90,INTRADAY ALIGNED
2026-03-13T12:45:00+05:30,2026-03-13T12:45:00+05:30,2026-03-13T12:49:00+05:30,SELL,23214.0,23243.02142857143,23243.02142857143,23177.723214285714,-1.0,LOSS,A+,90,INTRADAY ALIGNED
2026-03-13T13:05:00+05:30,2026-03-13T13:05:00+05:30,2026-03-13T13:11:00+05:30,SELL,23223.75,23184.526785714286,23255.128571428573,23184.526785714286,1.25,WIN,A+,90,INTRADAY ALIGNED
2026-03-13T13:15:00+05:30,2026-03-13T13:15:00+05:30,2026-03-13T13:25:00+05:30,SELL,23178.35,23137.916964285712,23210.696428571428,23137.916964285712,1.25,WIN,A+,90,INTRADAY ALIGNED
2026-03-13T13:35:00+05:30,2026-03-13T13:35:00+05:30,2026-03-13T13:53:00+05:30,SELL,23169.2,23124.914285714287,23204.628571428573,23124.914285714287,1.25,WIN,A+,90,INTRADAY ALIGNED
2026-03-13T14:00:00+05:30,2026-03-13T14:00:00+05:30,2026-03-13T14:04:00+05:30,SELL,23121.65,23156.810714285715,23156.810714285715,23077.699107142857,-1.0,LOSS,A+,90,INTRADAY ALIGNED
2026-03-16T10:20:00+05:30,2026-03-16T10:20:00+05:30,2026-03-16T10:30:00+05:30,SELL,23100.6,23031.774107142857,23155.660714285714,23031.774107142857,1.25,WIN,A,75,INTRADAY ALIGNED
2026-03-16T10:50:00+05:30,2026-03-16T10:50:00+05:30,2026-03-16T10:56:00+05:30,SELL,23035.7,22982.713392857142,23078.089285714286,22982.713392857142,1.25,WIN,A,80,INTRADAY ALIGNED
2026-03-16T13:15:00+05:30,2026-03-16T13:15:00+05:30,2026-03-16T13:21:00+05:30,SELL,23117.95,23152.01785714286,23152.01785714286,23075.36517857143,-1.0,LOSS,A,65,INTRADAY ALIGNED
2026-03-16T13:45:00+05:30,2026-03-16T13:45:00+05:30,2026-03-16T14:12:00+05:30,SELL,23107.45,23144.207142857143,23144.207142857143,23061.503571428573,-1.0,LOSS,A,75,INTRADAY ALIGNED
2026-03-16T14:30:00+05:30,2026-03-16T14:30:00+05:30,2026-03-16T14:40:00+05:30,BUY,23352.85,23409.001785714285,23307.92857142857,23409.001785714285,1.25,WIN,A,65,INTRADAY ALIGNED
2026-03-16T14:45:00+05:30,2026-03-16T14:45:00+05:30,2026-03-16T14:54:00+05:30,BUY,23429.85,23491.58214285714,23380.464285714283,23491.58214285714,1.25,WIN,A,65,INTRADAY ALIGNED
2026-03-17T10:00:00+05:30,2026-03-17T10:00:00+05:30,2026-03-17T10:23:00+05:30,BUY,23496.7,23561.347321428573,23444.982142857145,23561.347321428573,1.25,WIN,A,65,INTRADAY ALIGNED
2026-03-17T10:25:00+05:30,2026-03-17T10:25:00+05:30,2026-03-17T10:30:00+05:30,BUY,23563.5,23516.467857142856,23516.467857142856,23622.290178571428,-1.0,LOSS,A,65,INTRADAY ALIGNED
2026-03-17T10:50:00+05:30,2026-03-17T10:50:00+05:30,2026-03-17T11:09:00+05:30,BUY,23522.95,23483.389285714286,23483.389285714286,23572.400892857142,-1.0,LOSS,A,80,INTRADAY ALIGNED
2026-03-17T12:50:00+05:30,2026-03-17T12:50:00+05:30,2026-03-17T13:15:00+05:30,BUY,23486.75,23529.044642857145,23452.914285714287,23529.044642857145,1.25,WIN,A,65,INTRADAY ALIGNED
2026-03-17T13:20:00+05:30,2026-03-17T13:20:00+05:30,2026-03-17T13:40:00+05:30,BUY,23555.25,23521.939285714285,23521.939285714285,23596.88839285714,-1.0,LOSS,A,80,INTRADAY ALIGNED
2026-03-17T14:15:00+05:30,2026-03-17T14:15:00+05:30,2026-03-17T14:17:00+05:30,BUY,23600.4,23568.57142857143,23568.57142857143,23640.185714285715,-1.0,LOSS,A,80,INTRADAY ALIGNED
2026-03-17T14:20:00+05:30,2026-03-17T14:20:00+05:30,2026-03-17T14:27:00+05:30,BUY,23562.9,23530.24642857143,23530.24642857143,23603.716964285715,-1.0,LOSS,A,80,INTRADAY ALIGNED
2026-03-17T14:45:00+05:30,2026-03-17T14:45:00+05:30,2026-03-17T14:57:00+05:30,BUY,23588.35,23631.992857142857,23553.43571428571,23631.992857142857,1.25,WIN,A,80,INTRADAY ALIGNED
2026-03-18T09:55:00+05:30,2026-03-18T09:55:00+05:30,2026-03-18T09:58:00+05:30,BUY,23724.3,23674.360714285714,23674.360714285714,23786.724107142858,-1.0,LOSS,A,80,INTRADAY ALIGNED
2026-03-18T10:35:00+05:30,2026-03-18T10:35:00+05:30,2026-03-18T10:57:00+05:30,BUY,23730.4,23772.350892857146,23696.839285714286,23772.350892857146,1.25,WIN,A,80,INTRADAY ALIGNED
2026-03-18T11:00:00+05:30,2026-03-18T11:00:00+05:30,2026-03-18T11:39:00+05:30,BUY,23770.8,23808.969642857144,23740.264285714286,23808.969642857144,1.25,WIN,A,80,INTRADAY ALIGNED
2026-03-18T11:40:00+05:30,2026-03-18T11:40:00+05:30,2026-03-18T12:04:00+05:30,BUY,23813.35,23790.571428571428,23790.571428571428,23841.823214285712,-1.0,LOSS,A+,90,INTRADAY ALIGNED
2026-03-18T13:20:00+05:30,2026-03-18T13:20:00+05:30,2026-03-18T13:23:00+05:30,BUY,23798.0,23824.589285714286,23776.72857142857,23824.589285714286,1.25,WIN,A+,90,INTRADAY ALIGNED
2026-03-18T13:25:00+05:30,2026-03-18T13:25:00+05:30,2026-03-18T13:56:00+05:30,BUY,23828.2,23856.150892857142,23805.839285714286,23856.150892857142,1.25,WIN,A+,90,INTRADAY ALIGNED
2026-03-18T14:20:00+05:30,2026-03-18T14:20:00+05:30,2026-03-18T14:33:00+05:30,BUY,23839.85,23814.660714285714,23814.660714285714,23871.336607142857,-1.0,LOSS,A+,90,INTRADAY ALIGNED
2026-03-19T09:45:00+05:30,2026-03-19T09:45:00+05:30,2026-03-19T11:16:00+05:30,SELL,23269.6,23213.55,23340.58214285714,23180.87232142857,0.7896,TIME_EXIT,A,65,INTRADAY ALIGNED
2026-03-19T11:20:00+05:30,2026-03-19T11:20:00+05:30,2026-03-19T11:25:00+05:30,SELL,23219.55,23248.742857142857,23248.742857142857,23183.058928571427,-1.0,LOSS,A,65,INTRADAY ALIGNED
2026-03-19T12:05:00+05:30,2026-03-19T12:05:00+05:30,2026-03-19T12:15:00+05:30,SELL,23232.65,23255.525,23255.525,23204.05625,-1.0,LOSS,A,80,INTRADAY ALIGNED
2026-03-19T13:15:00+05:30,2026-03-19T13:15:00+05:30,2026-03-19T13:58:00+05:30,SELL,23200.35,23164.11339285714,23229.339285714283,23164.11339285714,1.25,WIN,A,65,INTRADAY ALIGNED
2026-03-19T14:00:00+05:30,2026-03-19T14:00:00+05:30,2026-03-19T14:04:00+05:30,SELL,23163.3,23131.04107142857,23189.10714285714,23131.04107142857,1.25,WIN,A+,90,INTRADAY ALIGNED
2026-03-19T14:05:00+05:30,2026-03-19T14:05:00+05:30,2026-03-19T14:13:00+05:30,SELL,23129.1,23094.399107142857,23156.86071428571,23094.399107142857,1.25,WIN,A+,90,INTRADAY ALIGNED
2026-03-19T14:15:00+05:30,2026-03-19T14:15:00+05:30,2026-03-19T14:49:00+05:30,SELL,23111.55,23076.57232142857,23139.53214285714,23076.57232142857,1.25,WIN,A+,90,INTRADAY ALIGNED
2026-03-20T11:20:00+05:30,2026-03-20T11:20:00+05:30,2026-03-20T11:23:00+05:30,BUY,23306.6,23342.189285714285,23278.12857142857,23342.189285714285,1.25,WIN,A,65,INTRADAY ALIGNED
2026-03-20T11:25:00+05:30,2026-03-20T11:25:00+05:30,2026-03-20T11:42:00+05:30,BUY,23329.1,23299.324999999997,23299.324999999997,23366.31875,-1.0,LOSS,A,65,INTRADAY ALIGNED
2026-03-20T14:00:00+05:30,2026-03-20T14:00:00+05:30,2026-03-20T14:05:00+05:30,SELL,23195.0,23225.2,23225.2,23157.25,-1.0,LOSS,A,65,INTRADAY ALIGNED
2026-03-20T14:20:00+05:30,2026-03-20T14:20:00+05:30,2026-03-20T14:31:00+05:30,SELL,23201.8,23163.64375,23232.324999999997,23163.64375,1.25,WIN,A,65,INTRADAY ALIGNED
2026-03-20T14:35:00+05:30,2026-03-20T14:35:00+05:30,2026-03-20T14:38:00+05:30,SELL,23177.6,23137.725,23209.499999999996,23137.725,1.25,WIN,A,75,INTRADAY ALIGNED
2026-03-20T14:40:00+05:30,2026-03-20T14:40:00+05:30,2026-03-20T14:44:00+05:30,SELL,23151.4,23110.002678571433,23184.51785714286,23110.002678571433,1.25,WIN,A,75,INTRADAY ALIGNED
2026-03-20T14:45:00+05:30,2026-03-20T14:45:00+05:30,2026-03-20T15:02:00+05:30,SELL,23099.4,23134.925,23134.925,23054.99375,-1.0,LOSS,A,75,INTRADAY ALIGNED
2026-03-23T10:00:00+05:30,2026-03-23T10:00:00+05:30,2026-03-23T11:02:00+05:30,SELL,22597.45,22508.49017857143,22668.617857142857,22508.49017857143,1.25,WIN,A,75,INTRADAY ALIGNED
2026-03-23T12:20:00+05:30,2026-03-23T12:20:00+05:30,2026-03-23T12:25:00+05:30,SELL,22527.3,22493.085714285713,22554.671428571426,22493.085714285713,1.25,WIN,A,65,INTRADAY ALIGNED
2026-03-23T12:30:00+05:30,2026-03-23T12:30:00+05:30,2026-03-23T12:38:00+05:30,SELL,22514.6,22544.796428571426,22544.796428571426,22476.854464285712,-1.0,LOSS,A+,90,INTRADAY ALIGNED
2026-03-23T13:00:00+05:30,2026-03-23T13:00:00+05:30,2026-03-23T13:42:00+05:30,SELL,22499.55,22529.535714285714,22529.535714285714,22462.067857142858,-1.0,LOSS,A+,90,INTRADAY ALIGNED
2026-03-24T12:30:00+05:30,2026-03-24T12:30:00+05:30,2026-03-24T12:34:00+05:30,BUY,22844.15,22902.083035714288,22797.803571428572,22902.083035714288,1.25,WIN,A,65,INTRADAY ALIGNED
2026-03-24T12:35:00+05:30,2026-03-24T12:35:00+05:30,2026-03-24T12:44:00+05:30,BUY,22922.3,22983.358035714286,22873.45357142857,22983.358035714286,1.25,WIN,A,65,INTRADAY ALIGNED
2026-03-24T12:45:00+05:30,2026-03-24T12:45:00+05:30,2026-03-24T12:53:00+05:30,BUY,22956.95,23018.93660714286,22907.360714285714,23018.93660714286,1.25,WIN,A,65,INTRADAY ALIGNED
2026-03-24T12:55:00+05:30,2026-03-24T12:55:00+05:30,2026-03-24T12:58:00+05:30,BUY,23009.05,22956.860714285714,22956.860714285714,23074.286607142858,-1.0,LOSS,A,65,INTRADAY ALIGNED
2026-03-24T13:15:00+05:30,2026-03-24T13:15:00+05:30,2026-03-24T14:22:00+05:30,BUY,22990.75,22935.22857142857,22935.22857142857,23060.151785714286,-1.0,LOSS,A,65,INTRADAY ALIGNED
2026-03-25T09:45:00+05:30,2026-03-25T09:45:00+05:30,2026-03-25T10:43:00+05:30,BUY,23272.95,23335.691071428573,23222.757142857143,23335.691071428573,1.25,WIN,A,80,INTRADAY ALIGNED
2026-03-25T10:45:00+05:30,2026-03-25T10:45:00+05:30,2026-03-25T11:08:00+05:30,BUY,23366.25,23408.616071428572,23332.35714285714,23408.616071428572,1.25,WIN,A,80,INTRADAY ALIGNED
2026-03-25T11:10:00+05:30,2026-03-25T11:10:00+05:30,2026-03-25T11:25:00+05:30,BUY,23418.35,23388.55357142857,23388.55357142857,23455.595535714285,-1.0,LOSS,A,80,INTRADAY ALIGNED
2026-03-25T11:55:00+05:30,2026-03-25T11:55:00+05:30,2026-03-25T12:20:00+05:30,BUY,23411.3,23447.44732142857,23382.382142857143,23447.44732142857,1.25,WIN,A+,90,INTRADAY ALIGNED
2026-03-25T12:40:00+05:30,2026-03-25T12:40:00+05:30,2026-03-25T12:53:00+05:30,BUY,23434.5,23405.321428571428,23405.321428571428,23470.973214285714,-1.0,LOSS,A+,90,INTRADAY ALIGNED
2026-03-27T09:55:00+05:30,2026-03-27T09:55:00+05:30,2026-03-27T11:26:00+05:30,SELL,23014.3,22946.317857142854,23068.685714285715,22946.317857142854,1.25,WIN,A,65,INTRADAY ALIGNED
2026-03-27T11:30:00+05:30,2026-03-27T11:30:00+05:30,2026-03-27T12:30:00+05:30,SELL,22935.3,22963.792857142857,22963.792857142857,22899.683928571427,-1.0,LOSS,A,80,INTRADAY ALIGNED
2026-03-27T13:05:00+05:30,2026-03-27T13:05:00+05:30,2026-03-27T13:17:00+05:30,SELL,22926.2,22951.992857142857,22951.992857142857,22893.95892857143,-1.0,LOSS,A,80,INTRADAY ALIGNED
2026-03-27T13:40:00+05:30,2026-03-27T13:40:00+05:30,2026-03-27T13:43:00+05:30,SELL,22911.85,22938.95357142857,22938.95357142857,22877.970535714285,-1.0,LOSS,A,80,INTRADAY ALIGNED
2026-03-27T14:00:00+05:30,2026-03-27T14:00:00+05:30,2026-03-27T14:12:00+05:30,SELL,22922.9,22888.359821428574,22950.532142857144,22888.359821428574,1.25,WIN,A,80,INTRADAY ALIGNED
2026-03-27T14:20:00+05:30,2026-03-27T14:20:00+05:30,2026-03-27T14:35:00+05:30,SELL,22896.2,22860.900892857142,22924.43928571429,22860.900892857142,1.25,WIN,A,80,INTRADAY ALIGNED
2026-03-27T14:40:00+05:30,2026-03-27T14:40:00+05:30,2026-03-27T14:44:00+05:30,SELL,22837.95,22864.35357142857,22864.35357142857,22804.945535714287,-1.0,LOSS,A,80,INTRADAY ALIGNED
2026-03-27T14:45:00+05:30,2026-03-27T14:45:00+05:30,2026-03-27T15:02:00+05:30,SELL,22854.35,22819.908035714285,22881.90357142857,22819.908035714285,1.25,WIN,A,80,INTRADAY ALIGNED
2026-03-30T10:20:00+05:30,2026-03-30T10:20:00+05:30,2026-03-30T11:11:00+05:30,SELL,22555.3,22457.670535714286,22633.40357142857,22457.670535714286,1.25,WIN,A,75,INTRADAY ALIGNED
2026-03-30T11:15:00+05:30,2026-03-30T11:15:00+05:30,2026-03-30T11:36:00+05:30,SELL,22479.25,22515.267857142855,22515.267857142855,22434.227678571428,-1.0,LOSS,A,80,INTRADAY ALIGNED
2026-03-30T11:50:00+05:30,2026-03-30T11:50:00+05:30,2026-03-30T12:02:00+05:30,SELL,22465.05,22497.321428571428,22497.321428571428,22424.710714285713,-1.0,LOSS,A+,90,INTRADAY ALIGNED
2026-03-30T13:20:00+05:30,2026-03-30T13:20:00+05:30,2026-03-30T13:51:00+05:30,SELL,22485.3,22445.858035714286,22516.85357142857,22445.858035714286,1.25,WIN,A,80,INTRADAY ALIGNED
2026-03-30T13:55:00+05:30,2026-03-30T13:55:00+05:30,2026-03-30T14:03:00+05:30,SELL,22420.95,22449.100000000002,22449.100000000002,22385.7625,-1.0,LOSS,A+,90,INTRADAY ALIGNED
2026-03-30T14:15:00+05:30,2026-03-30T14:15:00+05:30,2026-03-30T14:27:00+05:30,SELL,22420.2,22382.686607142856,22450.210714285717,22382.686607142856,1.25,WIN,A+,90,INTRADAY ALIGNED
2026-03-30T14:30:00+05:30,2026-03-30T14:30:00+05:30,2026-03-30T14:32:00+05:30,SELL,22376.55,22406.632142857143,22406.632142857143,22338.94732142857,-1.0,LOSS,A+,90,INTRADAY ALIGNED
2026-03-30T14:35:00+05:30,2026-03-30T14:35:00+05:30,2026-03-30T15:01:00+05:30,SELL,22361.4,22320.38660714286,22394.210714285717,22320.38660714286,1.25,WIN,A+,90,INTRADAY ALIGNED
2026-04-01T12:40:00+05:30,2026-04-01T12:40:00+05:30,2026-04-01T12:49:00+05:30,BUY,22841.55,22879.74642857143,22810.992857142854,22879.74642857143,1.25,WIN,A,80,INTRADAY ALIGNED
2026-04-01T12:50:00+05:30,2026-04-01T12:50:00+05:30,2026-04-01T13:21:00+05:30,BUY,22868.45,22836.225,22836.225,22908.73125,-1.0,LOSS,A,80,INTRADAY ALIGNED
2026-04-02T10:00:00+05:30,2026-04-02T10:00:00+05:30,2026-04-02T11:31:00+05:30,SELL,22206.8,22209.5,22268.57857142857,22129.576785714286,-0.0437,TIME_EXIT,A,75,INTRADAY ALIGNED
2026-04-02T14:05:00+05:30,2026-04-02T14:05:00+05:30,2026-04-02T14:14:00+05:30,BUY,22558.9,22613.44910714286,22515.260714285716,22613.44910714286,1.25,WIN,A,65,INTRADAY ALIGNED
2026-04-02T14:15:00+05:30,2026-04-02T14:15:00+05:30,2026-04-02T14:26:00+05:30,BUY,22625.85,22681.358928571426,22581.442857142854,22681.358928571426,1.25,WIN,A,65,INTRADAY ALIGNED
2026-04-02T14:35:00+05:30,2026-04-02T14:35:00+05:30,2026-04-02T14:38:00+05:30,BUY,22692.9,22646.810714285715,22646.810714285715,22750.51160714286,-1.0,LOSS,A,65,INTRADAY ALIGNED
2026-04-06T10:40:00+05:30,2026-04-06T10:40:00+05:30,2026-04-06T10:56:00+05:30,BUY,22661.7,22610.192857142858,22610.192857142858,22726.08392857143,-1.0,LOSS,A,65,INTRADAY ALIGNED
2026-04-06T13:00:00+05:30,2026-04-06T13:00:00+05:30,2026-04-06T13:05:00+05:30,BUY,22804.1,22764.892857142855,22764.892857142855,22853.108928571426,-1.0,LOSS,A,80,INTRADAY ALIGNED
2026-04-06T13:10:00+05:30,2026-04-06T13:10:00+05:30,2026-04-06T13:13:00+05:30,BUY,22807.25,22858.308035714286,22766.40357142857,22858.308035714286,1.25,WIN,A,80,INTRADAY ALIGNED
2026-04-06T13:15:00+05:30,2026-04-06T13:15:00+05:30,2026-04-06T14:16:00+05:30,BUY,22861.3,22915.76875,22817.725,22915.76875,1.25,WIN,A,80,INTRADAY ALIGNED
2026-04-06T14:20:00+05:30,2026-04-06T14:20:00+05:30,2026-04-06T15:03:00+05:30,BUY,22916.15,22962.51160714286,22879.060714285715,22962.51160714286,1.25,WIN,A,80,INTRADAY ALIGNED
2026-04-07T10:30:00+05:30,2026-04-07T10:30:00+05:30,2026-04-07T10:37:00+05:30,BUY,22944.5,22894.442857142858,22894.442857142858,23007.071428571428,-1.0,LOSS,A,80,INTRADAY ALIGNED
2026-04-07T10:45:00+05:30,2026-04-07T10:45:00+05:30,2026-04-07T10:51:00+05:30,BUY,22960.3,22916.428571428572,22916.428571428572,23015.139285714286,-1.0,LOSS,A,80,INTRADAY ALIGNED
2026-04-07T13:30:00+05:30,2026-04-07T13:30:00+05:30,2026-04-07T13:32:00+05:30,BUY,22961.9,22995.944642857143,22934.664285714287,22995.944642857143,1.25,WIN,A+,90,INTRADAY ALIGNED
2026-04-07T13:35:00+05:30,2026-04-07T13:35:00+05:30,2026-04-07T13:43:00+05:30,BUY,23014.15,23053.41785714286,22982.735714285714,23053.41785714286,1.25,WIN,A+,90,INTRADAY ALIGNED
2026-04-07T13:45:00+05:30,2026-04-07T13:45:00+05:30,2026-04-07T13:49:00+05:30,BUY,23057.5,23023.87857142857,23023.87857142857,23099.526785714286,-1.0,LOSS,A+,90,INTRADAY ALIGNED
2026-04-07T14:35:00+05:30,2026-04-07T14:35:00+05:30,2026-04-07T14:38:00+05:30,BUY,23036.05,22994.053571428572,22994.053571428572,23088.545535714286,-1.0,LOSS,A+,90,INTRADAY ALIGNED
2026-04-08T09:40:00+05:30,2026-04-08T09:40:00+05:30,2026-04-08T11:11:00+05:30,BUY,23914.05,23997.25,23821.85357142857,24029.295535714286,0.9024,TIME_EXIT,A,70,INTRADAY ALIGNED
2026-04-08T11:15:00+05:30,2026-04-08T11:15:00+05:30,2026-04-08T11:39:00+05:30,BUY,23992.7,23963.410714285714,23963.410714285714,24029.31160714286,-1.0,LOSS,A,80,INTRADAY ALIGNED
2026-04-08T11:50:00+05:30,2026-04-08T11:50:00+05:30,2026-04-08T11:51:00+05:30,BUY,23987.4,23961.75,23961.75,24019.4625,-1.0,LOSS,A+,90,INTRADAY ALIGNED
2026-04-08T13:25:00+05:30,2026-04-08T13:25:00+05:30,2026-04-08T13:39:00+05:30,BUY,23984.7,24013.619642857142,23961.564285714285,24013.619642857142,1.25,WIN,A+,90,INTRADAY ALIGNED
2026-04-08T13:40:00+05:30,2026-04-08T13:40:00+05:30,2026-04-08T13:41:00+05:30,BUY,24017.5,23992.635714285716,23992.635714285716,24048.58035714286,-1.0,LOSS,A+,90,INTRADAY ALIGNED
2026-04-09T13:45:00+05:30,2026-04-09T13:45:00+05:30,2026-04-09T14:05:00+05:30,SELL,23759.85,23786.60714285714,23786.60714285714,23726.40357142857,-1.0,LOSS,A,65,INTRADAY ALIGNED
2026-04-09T14:15:00+05:30,2026-04-09T14:15:00+05:30,2026-04-09T14:27:00+05:30,SELL,23753.45,23718.570535714287,23781.35357142857,23718.570535714287,1.25,WIN,A,65,INTRADAY ALIGNED
2026-04-09T14:30:00+05:30,2026-04-09T14:30:00+05:30,2026-04-09T14:32:00+05:30,SELL,23720.0,23683.941964285714,23748.84642857143,23683.941964285714,1.25,WIN,A,65,INTRADAY ALIGNED
2026-04-09T14:35:00+05:30,2026-04-09T14:35:00+05:30,2026-04-09T14:44:00+05:30,SELL,23697.2,23726.253571428573,23726.253571428573,23660.883035714287,-1.0,LOSS,A,65,INTRADAY ALIGNED
2026-04-10T09:50:00+05:30,2026-04-10T09:50:00+05:30,2026-04-10T10:06:00+05:30,BUY,23973.5,23923.928571428572,23923.928571428572,24035.464285714286,-1.0,LOSS,A,65,INTRADAY ALIGNED
2026-04-10T10:20:00+05:30,2026-04-10T10:20:00+05:30,2026-04-10T11:48:00+05:30,BUY,24015.3,23969.32857142857,23969.32857142857,24072.764285714286,-1.0,LOSS,A,65,INTRADAY ALIGNED
2026-04-10T12:05:00+05:30,2026-04-10T12:05:00+05:30,2026-04-10T13:36:00+05:30,BUY,24006.65,23999.55,23983.09642857143,24036.091964285715,-0.3014,TIME_EXIT,A,80,INTRADAY ALIGNED
2026-04-10T13:45:00+05:30,2026-04-10T13:45:00+05:30,2026-04-10T13:52:00+05:30,BUY,24020.15,24004.025,24004.025,24040.30625,-1.0,LOSS,A,80,INTRADAY ALIGNED
2026-04-10T14:00:00+05:30,2026-04-10T14:00:00+05:30,2026-04-10T14:15:00+05:30,BUY,24041.0,24024.342857142856,24024.342857142856,24061.821428571428,-1.0,LOSS,A,80,INTRADAY ALIGNED
2026-04-13T14:00:00+05:30,2026-04-13T14:00:00+05:30,2026-04-13T14:07:00+05:30,BUY,23893.05,23865.235714285714,23865.235714285714,23927.817857142858,-1.0,LOSS,A,65,INTRADAY ALIGNED
2026-04-13T14:30:00+05:30,2026-04-13T14:30:00+05:30,2026-04-13T14:39:00+05:30,BUY,23865.45,23895.42767857143,23841.46785714286,23895.42767857143,1.25,WIN,A,65,INTRADAY ALIGNED
2026-04-15T09:45:00+05:30,2026-04-15T09:45:00+05:30,2026-04-15T11:16:00+05:30,BUY,24207.05,24184.5,24144.167857142857,24285.652678571427,-0.3586,TIME_EXIT,A,65,INTRADAY ALIGNED
2026-04-15T12:40:00+05:30,2026-04-15T12:40:00+05:30,2026-04-15T12:43:00+05:30,BUY,24232.9,24218.010714285716,24218.010714285716,24251.51160714286,-1.0,LOSS,A,80,INTRADAY ALIGNED
2026-04-15T12:45:00+05:30,2026-04-15T12:45:00+05:30,2026-04-15T12:49:00+05:30,BUY,24228.75,24213.389285714286,24213.389285714286,24247.950892857145,-1.0,LOSS,A,80,INTRADAY ALIGNED
2026-04-16T12:30:00+05:30,2026-04-16T12:30:00+05:30,2026-04-16T12:55:00+05:30,SELL,24162.95,24126.963392857142,24191.739285714288,24126.963392857142,1.25,WIN,A,65,INTRADAY ALIGNED
2026-04-16T13:15:00+05:30,2026-04-16T13:15:00+05:30,2026-04-16T13:47:00+05:30,SELL,24122.6,24149.682142857142,24149.682142857142,24088.74732142857,-1.0,LOSS,A,65,INTRADAY ALIGNED
2026-04-17T10:00:00+05:30,2026-04-17T10:00:00+05:30,2026-04-17T10:16:00+05:30,BUY,24231.4,24281.38660714286,24191.410714285717,24281.38660714286,1.25,WIN,A,65,INTRADAY ALIGNED
2026-04-17T10:20:00+05:30,2026-04-17T10:20:00+05:30,2026-04-17T11:05:00+05:30,BUY,24280.0,24240.946428571428,24240.946428571428,24328.816964285714,-1.0,LOSS,A,65,INTRADAY ALIGNED
2026-04-17T11:20:00+05:30,2026-04-17T11:20:00+05:30,2026-04-17T11:45:00+05:30,BUY,24277.4,24299.98035714286,24259.335714285717,24299.98035714286,1.25,WIN,A,65,INTRADAY ALIGNED
2026-04-17T11:55:00+05:30,2026-04-17T11:55:00+05:30,2026-04-17T11:58:00+05:30,BUY,24316.05,24300.35714285714,24300.35714285714,24335.66607142857,-1.0,LOSS,A,65,INTRADAY ALIGNED
2026-04-17T12:15:00+05:30,2026-04-17T12:15:00+05:30,2026-04-17T12:33:00+05:30,BUY,24286.2,24266.05,24266.05,24311.3875,-1.0,LOSS,A,65,INTRADAY ALIGNED
2026-04-17T13:10:00+05:30,2026-04-17T13:10:00+05:30,2026-04-17T13:20:00+05:30,BUY,24284.85,24269.89642857143,24269.89642857143,24303.541964285712,-1.0,LOSS,A,65,INTRADAY ALIGNED
2026-04-17T13:40:00+05:30,2026-04-17T13:40:00+05:30,2026-04-17T14:18:00+05:30,BUY,24300.25,24317.955357142855,24286.085714285713,24317.955357142855,1.25,WIN,A+,90,INTRADAY ALIGNED
2026-04-17T14:20:00+05:30,2026-04-17T14:20:00+05:30,2026-04-17T14:41:00+05:30,BUY,24316.9,24333.216964285715,24303.84642857143,24333.216964285715,1.25,WIN,A+,90,INTRADAY ALIGNED
2026-04-17T14:45:00+05:30,2026-04-17T14:45:00+05:30,2026-04-17T14:47:00+05:30,BUY,24339.85,24357.283035714285,24325.90357142857,24357.283035714285,1.25,WIN,A+,90,INTRADAY ALIGNED
2026-04-20T09:30:00+05:30,2026-04-20T09:30:00+05:30,2026-04-20T09:33:00+05:30,BUY,24383.15,24350.525,24350.525,24423.93125,-1.0,LOSS,A,70,INTRADAY ALIGNED
2026-04-20T10:25:00+05:30,2026-04-20T10:25:00+05:30,2026-04-20T11:26:00+05:30,BUY,24400.6,24460.805357142857,24352.43571428571,24460.805357142857,1.25,WIN,A,75,INTRADAY ALIGNED
2026-04-20T11:30:00+05:30,2026-04-20T11:30:00+05:30,2026-04-20T12:11:00+05:30,BUY,24463.8,24439.660714285714,24439.660714285714,24493.974107142858,-1.0,LOSS,A+,90,INTRADAY ALIGNED
2026-04-20T12:30:00+05:30,2026-04-20T12:30:00+05:30,2026-04-20T13:01:00+05:30,BUY,24461.0,24443.732142857145,24443.732142857145,24482.584821428572,-1.0,LOSS,A+,90,INTRADAY ALIGNED
2026-04-21T10:15:00+05:30,2026-04-21T10:15:00+05:30,2026-04-21T10:59:00+05:30,BUY,24513.4,24551.55625,24482.875,24551.55625,1.25,WIN,A,65,INTRADAY ALIGNED
2026-04-21T11:00:00+05:30,2026-04-21T11:00:00+05:30,2026-04-21T11:29:00+05:30,BUY,24549.55,24531.242857142857,24531.242857142857,24572.433928571427,-1.0,LOSS,A,80,INTRADAY ALIGNED
2026-04-21T13:35:00+05:30,2026-04-21T13:35:00+05:30,2026-04-21T13:38:00+05:30,BUY,24566.95,24549.85357142857,24549.85357142857,24588.320535714287,-1.0,LOSS,A+,90,INTRADAY ALIGNED
2026-04-21T14:00:00+05:30,2026-04-21T14:00:00+05:30,2026-04-21T14:04:00+05:30,BUY,24554.35,24536.68571428571,24536.68571428571,24576.430357142854,-1.0,LOSS,A+,90,INTRADAY ALIGNED
2026-04-21T14:20:00+05:30,2026-04-21T14:20:00+05:30,2026-04-21T14:23:00+05:30,BUY,24555.0,24578.91964285714,24535.864285714284,24578.91964285714,1.25,WIN,A,70,INTRADAY ALIGNED
2026-04-21T14:25:00+05:30,2026-04-21T14:25:00+05:30,2026-04-21T14:36:00+05:30,BUY,24577.4,24557.34642857143,24557.34642857143,24602.466964285715,-1.0,LOSS,A,70,INTRADAY ALIGNED
2026-04-22T10:30:00+05:30,2026-04-22T10:30:00+05:30,2026-04-22T10:40:00+05:30,SELL,24372.3,24397.239285714284,24397.239285714284,24341.125892857144,-1.0,LOSS,A,65,INTRADAY ALIGNED
2026-04-23T10:55:00+05:30,2026-04-23T10:55:00+05:30,2026-04-23T11:43:00+05:30,SELL,24211.85,24178.421428571426,24238.592857142856,24178.421428571426,1.25,WIN,A,80,INTRADAY ALIGNED
2026-04-23T11:45:00+05:30,2026-04-23T11:45:00+05:30,2026-04-23T11:52:00+05:30,SELL,24179.0,24198.917857142857,24198.917857142857,24154.102678571428,-1.0,LOSS,A+,90,INTRADAY ALIGNED
2026-04-23T14:30:00+05:30,2026-04-23T14:30:00+05:30,2026-04-23T14:45:00+05:30,SELL,24190.95,24163.985714285714,24212.52142857143,24163.985714285714,1.25,WIN,A,70,INTRADAY ALIGNED
2026-04-24T09:30:00+05:30,2026-04-24T09:30:00+05:30,2026-04-24T09:35:00+05:30,SELL,24058.05,24019.326785714286,24089.02857142857,24019.326785714286,1.25,WIN,A,70,INTRADAY ALIGNED
2026-04-24T09:40:00+05:30,2026-04-24T09:40:00+05:30,2026-04-24T09:47:00+05:30,SELL,24002.0,23959.78125,24035.775,23959.78125,1.25,WIN,A,70,INTRADAY ALIGNED
2026-04-24T09:50:00+05:30,2026-04-24T09:50:00+05:30,2026-04-24T10:26:00+05:30,SELL,23984.15,23942.132142857143,24017.76428571429,23942.132142857143,1.25,WIN,A+,90,INTRADAY ALIGNED
2026-04-24T10:30:00+05:30,2026-04-24T10:30:00+05:30,2026-04-24T10:49:00+05:30,SELL,23956.2,23918.682142857142,23986.214285714286,23918.682142857142,1.25,WIN,A,65,INTRADAY ALIGNED
2026-04-24T10:50:00+05:30,2026-04-24T10:50:00+05:30,2026-04-24T11:34:00+05:30,SELL,23920.85,23946.485714285714,23946.485714285714,23888.805357142854,-1.0,LOSS,A,65,INTRADAY ALIGNED
2026-04-24T11:45:00+05:30,2026-04-24T11:45:00+05:30,2026-04-24T11:51:00+05:30,SELL,23926.3,23900.844642857144,23946.664285714283,23900.844642857144,1.25,WIN,A+,90,INTRADAY ALIGNED
2026-04-24T11:55:00+05:30,2026-04-24T11:55:00+05:30,2026-04-24T12:10:00+05:30,SELL,23899.05,23918.339285714283,23918.339285714283,23874.938392857144,-1.0,LOSS,A+,90,INTRADAY ALIGNED
2026-04-24T12:25:00+05:30,2026-04-24T12:25:00+05:30,2026-04-24T12:58:00+05:30,SELL,23897.7,23915.907142857144,23915.907142857144,23874.941071428573,-1.0,LOSS,A+,90,INTRADAY ALIGNED
2026-04-24T13:05:00+05:30,2026-04-24T13:05:00+05:30,2026-04-24T13:38:00+05:30,SELL,23876.25,23850.5625,23896.8,23850.5625,1.25,WIN,A+,90,INTRADAY ALIGNED
2026-04-24T13:40:00+05:30,2026-04-24T13:40:00+05:30,2026-04-24T14:07:00+05:30,SELL,23840.6,23814.291964285712,23861.64642857143,23814.291964285712,1.25,WIN,A+,90,INTRADAY ALIGNED
2026-04-24T14:10:00+05:30,2026-04-24T14:10:00+05:30,2026-04-24T14:18:00+05:30,SELL,23839.8,23860.371428571427,23860.371428571427,23814.085714285713,-1.0,LOSS,A+,90,INTRADAY ALIGNED
2026-04-27T12:35:00+05:30,2026-04-27T12:35:00+05:30,2026-04-27T13:16:00+05:30,BUY,24075.15,24103.498214285715,24052.47142857143,24103.498214285715,1.25,WIN,A,65,INTRADAY ALIGNED
2026-04-27T13:20:00+05:30,2026-04-27T13:20:00+05:30,2026-04-27T13:43:00+05:30,BUY,24102.0,24122.4375,24085.65,24122.4375,1.25,WIN,A,65,INTRADAY ALIGNED
2026-04-27T13:45:00+05:30,2026-04-27T13:45:00+05:30,2026-04-27T14:32:00+05:30,BUY,24114.75,24099.275,24099.275,24134.09375,-1.0,LOSS,A,65,INTRADAY ALIGNED
2026-04-28T09:45:00+05:30,2026-04-28T09:45:00+05:30,2026-04-28T10:22:00+05:30,BUY,24130.8,24169.148214285713,24100.121428571427,24169.148214285713,1.25,WIN,A,80,INTRADAY ALIGNED
2026-04-28T10:25:00+05:30,2026-04-28T10:25:00+05:30,2026-04-28T10:36:00+05:30,BUY,24170.8,24139.60357142857,24139.60357142857,24209.795535714286,-1.0,LOSS,A,65,INTRADAY ALIGNED
2026-04-28T11:00:00+05:30,2026-04-28T11:00:00+05:30,2026-04-28T11:07:00+05:30,BUY,24169.85,24151.10714285714,24151.10714285714,24193.27857142857,-1.0,LOSS,A,80,INTRADAY ALIGNED
2026-04-28T12:25:00+05:30,2026-04-28T12:25:00+05:30,2026-04-28T12:53:00+05:30,SELL,24015.85,24039.59642857143,24039.59642857143,23986.166964285712,-1.0,LOSS,A,75,INTRADAY ALIGNED
2026-04-28T13:00:00+05:30,2026-04-28T13:00:00+05:30,2026-04-28T13:05:00+05:30,SELL,24007.9,24028.739285714288,24028.739285714288,23981.850892857143,-1.0,LOSS,A,65,INTRADAY ALIGNED
2026-04-28T13:35:00+05:30,2026-04-28T13:35:00+05:30,2026-04-28T13:36:00+05:30,SELL,23999.65,23972.632142857143,24021.264285714286,23972.632142857143,1.25,WIN,A,80,INTRADAY ALIGNED
2026-04-28T13:40:00+05:30,2026-04-28T13:40:00+05:30,2026-04-28T13:54:00+05:30,SELL,23993.3,24016.257142857143,24016.257142857143,23964.60357142857,-1.0,LOSS,A,80,INTRADAY ALIGNED
2026-04-28T14:15:00+05:30,2026-04-28T14:15:00+05:30,2026-04-28T14:24:00+05:30,SELL,23983.2,24006.59642857143,24006.59642857143,23953.954464285714,-1.0,LOSS,A,80,INTRADAY ALIGNED
2026-04-29T10:00:00+05:30,2026-04-29T10:00:00+05:30,2026-04-29T10:11:00+05:30,BUY,24174.6,24218.87232142857,24139.182142857142,24218.87232142857,1.25,WIN,A,65,INTRADAY ALIGNED
2026-04-29T10:15:00+05:30,2026-04-29T10:15:00+05:30,2026-04-29T10:28:00+05:30,BUY,24235.2,24281.2625,24198.350000000002,24281.2625,1.25,WIN,A,65,INTRADAY ALIGNED
2026-04-29T10:30:00+05:30,2026-04-29T10:30:00+05:30,2026-04-29T10:46:00+05:30,BUY,24290.4,24259.160714285714,24259.160714285714,24329.44910714286,-1.0,LOSS,A,80,INTRADAY ALIGNED
2026-04-29T10:55:00+05:30,2026-04-29T10:55:00+05:30,2026-04-29T11:30:00+05:30,BUY,24286.6,24263.475,24263.475,24315.50625,-1.0,LOSS,A,80,INTRADAY ALIGNED
2026-04-29T12:15:00+05:30,2026-04-29T12:15:00+05:30,2026-04-29T12:27:00+05:30,BUY,24295.1,24316.617857142857,24277.885714285712,24316.617857142857,1.25,WIN,A,80,INTRADAY ALIGNED
2026-04-29T12:30:00+05:30,2026-04-29T12:30:00+05:30,2026-04-29T12:36:00+05:30,BUY,24309.35,24329.05982142857,24293.582142857143,24329.05982142857,1.25,WIN,A+,90,INTRADAY ALIGNED
2026-04-29T12:40:00+05:30,2026-04-29T12:40:00+05:30,2026-04-29T12:44:00+05:30,BUY,24330.3,24315.517857142855,24315.517857142855,24348.777678571427,-1.0,LOSS,A+,90,INTRADAY ALIGNED
2026-04-29T12:45:00+05:30,2026-04-29T12:45:00+05:30,2026-04-29T13:25:00+05:30,BUY,24323.15,24308.5,24308.5,24341.4625,-1.0,LOSS,A+,90,INTRADAY ALIGNED
2026-04-30T10:00:00+05:30,2026-04-30T10:00:00+05:30,2026-04-30T10:18:00+05:30,SELL,23880.0,23822.92410714286,23925.660714285714,23822.92410714286,1.25,WIN,A,65,INTRADAY ALIGNED
2026-04-30T10:20:00+05:30,2026-04-30T10:20:00+05:30,2026-04-30T11:51:00+05:30,SELL,23837.95,23843.0,23887.982142857145,23775.409821428573,-0.1009,TIME_EXIT,A,65,INTRADAY ALIGNED
2026-04-30T14:35:00+05:30,2026-04-30T14:35:00+05:30,2026-04-30T14:43:00+05:30,BUY,24034.25,24071.071428571428,24004.792857142857,24071.071428571428,1.25,WIN,A,65,INTRADAY ALIGNED
2026-04-30T14:45:00+05:30,2026-04-30T14:45:00+05:30,2026-04-30T14:49:00+05:30,BUY,24074.75,24043.925,24043.925,24113.28125,-1.0,LOSS,A,65,INTRADAY ALIGNED
2026-05-04T09:45:00+05:30,2026-05-04T09:45:00+05:30,2026-05-04T09:54:00+05:30,BUY,24279.25,24229.72142857143,24229.72142857143,24341.160714285714,-1.0,LOSS,A,65,INTRADAY ALIGNED
2026-05-04T11:25:00+05:30,2026-05-04T11:25:00+05:30,2026-05-04T12:07:00+05:30,BUY,24233.4,24204.875000000004,24204.875000000004,24269.05625,-1.0,LOSS,A,65,INTRADAY ALIGNED
2026-05-04T13:30:00+05:30,2026-05-04T13:30:00+05:30,2026-05-04T13:41:00+05:30,SELL,24023.35,24051.83214285714,24051.83214285714,23987.74732142857,-1.0,LOSS,A,75,INTRADAY ALIGNED
2026-05-04T14:05:00+05:30,2026-05-04T14:05:00+05:30,2026-05-04T14:12:00+05:30,SELL,24069.15,24100.053571428572,24100.053571428572,24030.520535714288,-1.0,LOSS,A,75,INTRADAY ALIGNED
2026-05-05T10:15:00+05:30,2026-05-05T10:15:00+05:30,2026-05-05T10:37:00+05:30,SELL,23986.1,23929.74732142857,24031.182142857142,23929.74732142857,1.25,WIN,A,65,INTRADAY ALIGNED
2026-05-05T10:40:00+05:30,2026-05-05T10:40:00+05:30,2026-05-05T11:48:00+05:30,SELL,23941.2,23901.0125,23973.350000000002,23901.0125,1.25,WIN,A,80,INTRADAY ALIGNED
2026-05-05T11:50:00+05:30,2026-05-05T11:50:00+05:30,2026-05-05T12:10:00+05:30,SELL,23902.7,23926.128571428573,23926.128571428573,23873.414285714287,-1.0,LOSS,A+,90,INTRADAY ALIGNED
2026-05-05T14:30:00+05:30,2026-05-05T14:30:00+05:30,2026-05-05T14:34:00+05:30,BUY,24059.3,24033.85714285714,24033.85714285714,24091.10357142857,-1.0,LOSS,A,65,INTRADAY ALIGNED
2026-05-06T13:05:00+05:30,2026-05-06T13:05:00+05:30,2026-05-06T13:07:00+05:30,SELL,24000.95,24021.321428571428,24021.321428571428,23975.485714285714,-1.0,LOSS,A,75,INTRADAY ALIGNED
2026-05-06T14:30:00+05:30,2026-05-06T14:30:00+05:30,2026-05-06T14:34:00+05:30,BUY,24314.7,24285.032142857144,24285.032142857144,24351.78482142857,-1.0,LOSS,A+,90,INTRADAY ALIGNED
2026-05-06T14:35:00+05:30,2026-05-06T14:35:00+05:30,2026-05-06T14:50:00+05:30,BUY,24306.8,24346.639285714286,24274.928571428572,24346.639285714286,1.25,WIN,A+,90,INTRADAY ALIGNED
2026-05-07T09:35:00+05:30,2026-05-07T09:35:00+05:30,2026-05-07T09:44:00+05:30,BUY,24356.15,24399.828571428574,24321.207142857143,24399.828571428574,1.25,WIN,A,70,INTRADAY ALIGNED
2026-05-07T09:45:00+05:30,2026-05-07T09:45:00+05:30,2026-05-07T09:50:00+05:30,BUY,24396.9,24361.850000000002,24361.850000000002,24440.7125,-1.0,LOSS,A+,90,INTRADAY ALIGNED
2026-05-07T10:30:00+05:30,2026-05-07T10:30:00+05:30,2026-05-07T11:08:00+05:30,BUY,24360.3,24325.45,24325.45,24403.8625,-1.0,LOSS,A,80,INTRADAY ALIGNED
2026-05-07T12:40:00+05:30,2026-05-07T12:40:00+05:30,2026-05-07T12:45:00+05:30,BUY,24436.8,24474.22857142857,24406.85714285714,24474.22857142857,1.25,WIN,A,70,INTRADAY ALIGNED
2026-05-07T12:50:00+05:30,2026-05-07T12:50:00+05:30,2026-05-07T12:53:00+05:30,BUY,24442.1,24410.496428571427,24410.496428571427,24481.604464285712,-1.0,LOSS,A+,90,INTRADAY ALIGNED
2026-05-08T09:45:00+05:30,2026-05-08T09:45:00+05:30,2026-05-08T10:15:00+05:30,SELL,24169.05,24210.307142857142,24210.307142857142,24117.47857142857,-1.0,LOSS,A,65,INTRADAY ALIGNED
2026-05-08T11:35:00+05:30,2026-05-08T11:35:00+05:30,2026-05-08T12:09:00+05:30,SELL,24209.15,24185.547321428574,24228.032142857144,24185.547321428574,1.25,WIN,A,65,INTRADAY ALIGNED
2026-05-08T12:10:00+05:30,2026-05-08T12:10:00+05:30,2026-05-08T12:47:00+05:30,SELL,24179.5,24154.977678571428,24199.117857142857,24154.977678571428,1.25,WIN,A,80,INTRADAY ALIGNED
2026-05-08T12:50:00+05:30,2026-05-08T12:50:00+05:30,2026-05-08T13:29:00+05:30,SELL,24171.3,24189.02857142857,24189.02857142857,24149.139285714286,-1.0,LOSS,A,80,INTRADAY ALIGNED
2026-05-08T14:00:00+05:30,2026-05-08T14:00:00+05:30,2026-05-08T14:06:00+05:30,SELL,24139.15,24159.010714285716,24159.010714285716,24114.324107142857,-1.0,LOSS,A,80,INTRADAY ALIGNED
2026-05-08T14:20:00+05:30,2026-05-08T14:20:00+05:30,2026-05-08T14:31:00+05:30,SELL,24148.1,24172.071428571428,24172.071428571428,24118.135714285712,-1.0,LOSS,A,80,INTRADAY ALIGNED
2026-05-11T09:45:00+05:30,2026-05-11T09:45:00+05:30,2026-05-11T11:12:00+05:30,SELL,23866.15,23913.942857142858,23913.942857142858,23806.40892857143,-1.0,LOSS,A,80,INTRADAY ALIGNED
2026-05-12T09:30:00+05:30,2026-05-12T09:30:00+05:30,2026-05-12T11:01:00+05:30,SELL,23638.95,23607.05,23677.707142857143,23590.503571428573,0.8231,TIME_EXIT,A,70,INTRADAY ALIGNED
2026-05-12T11:05:00+05:30,2026-05-12T11:05:00+05:30,2026-05-12T12:10:00+05:30,SELL,23590.6,23558.336607142854,23616.410714285714,23558.336607142854,1.25,WIN,A,80,INTRADAY ALIGNED
2026-05-12T12:15:00+05:30,2026-05-12T12:15:00+05:30,2026-05-12T12:18:00+05:30,SELL,23559.5,23579.675,23579.675,23534.28125,-1.0,LOSS,A+,90,INTRADAY ALIGNED
2026-05-12T12:20:00+05:30,2026-05-12T12:20:00+05:30,2026-05-12T12:31:00+05:30,SELL,23573.75,23548.075892857145,23594.289285714287,23548.075892857145,1.25,WIN,A+,90,INTRADAY ALIGNED
2026-05-12T12:35:00+05:30,2026-05-12T12:35:00+05:30,2026-05-12T13:17:00+05:30,SELL,23523.4,23544.52857142857,23544.52857142857,23496.989285714288,-1.0,LOSS,A+,90,INTRADAY ALIGNED
2026-05-12T13:30:00+05:30,2026-05-12T13:30:00+05:30,2026-05-12T13:42:00+05:30,SELL,23532.45,23505.744642857142,23553.81428571429,23505.744642857142,1.25,WIN,A+,90,INTRADAY ALIGNED
2026-05-12T13:45:00+05:30,2026-05-12T13:45:00+05:30,2026-05-12T14:01:00+05:30,SELL,23510.05,23483.389285714286,23531.37857142857,23483.389285714286,1.25,WIN,A+,90,INTRADAY ALIGNED
2026-05-12T14:05:00+05:30,2026-05-12T14:05:00+05:30,2026-05-12T14:11:00+05:30,SELL,23484.05,23456.505357142854,23506.085714285713,23456.505357142854,1.25,WIN,A+,90,INTRADAY ALIGNED
2026-05-12T14:15:00+05:30,2026-05-12T14:15:00+05:30,2026-05-12T14:25:00+05:30,SELL,23458.75,23481.914285714287,23481.914285714287,23429.79464285714,-1.0,LOSS,A+,90,INTRADAY ALIGNED
2026-05-12T14:35:00+05:30,2026-05-12T14:35:00+05:30,2026-05-12T14:39:00+05:30,SELL,23439.2,23464.050000000003,23464.050000000003,23408.1375,-1.0,LOSS,A+,90,INTRADAY ALIGNED
2026-05-13T09:30:00+05:30,2026-05-13T09:30:00+05:30,2026-05-13T09:37:00+05:30,SELL,23367.7,23312.097321428573,23412.182142857142,23312.097321428573,1.25,WIN,A,70,INTRADAY ALIGNED
2026-05-13T09:40:00+05:30,2026-05-13T09:40:00+05:30,2026-05-13T09:46:00+05:30,SELL,23275.5,23325.428571428572,23325.428571428572,23213.089285714286,-1.0,LOSS,A,70,INTRADAY ALIGNED
2026-05-13T09:50:00+05:30,2026-05-13T09:50:00+05:30,2026-05-13T09:53:00+05:30,SELL,23299.05,23351.510714285712,23351.510714285712,23233.474107142854,-1.0,LOSS,A+,90,INTRADAY ALIGNED
2026-05-13T11:30:00+05:30,2026-05-13T11:30:00+05:30,2026-05-13T11:37:00+05:30,SELL,23399.85,23431.707142857143,23431.707142857143,23360.028571428567,-1.0,LOSS,A,70,INTRADAY ALIGNED
2026-05-13T13:00:00+05:30,2026-05-13T13:00:00+05:30,2026-05-13T13:08:00+05:30,BUY,23578.1,23548.52857142857,23548.52857142857,23615.064285714285,-1.0,LOSS,A,65,INTRADAY ALIGNED
2026-05-13T13:35:00+05:30,2026-05-13T13:35:00+05:30,2026-05-13T13:56:00+05:30,BUY,23532.85,23499.089285714283,23499.089285714283,23575.05089285714,-1.0,LOSS,A,65,INTRADAY ALIGNED
2026-05-14T11:00:00+05:30,2026-05-14T11:00:00+05:30,2026-05-14T11:16:00+05:30,SELL,23432.9,23467.79642857143,23467.79642857143,23389.279464285715,-1.0,LOSS,A,65,INTRADAY ALIGNED
2026-05-14T11:45:00+05:30,2026-05-14T11:45:00+05:30,2026-05-14T13:04:00+05:30,BUY,23670.7,23721.400892857142,23630.139285714286,23721.400892857142,1.25,WIN,A,65,INTRADAY ALIGNED
2026-05-14T13:05:00+05:30,2026-05-14T13:05:00+05:30,2026-05-14T13:11:00+05:30,BUY,23739.45,23710.335714285717,23710.335714285717,23775.842857142856,-1.0,LOSS,A,80,INTRADAY ALIGNED
2026-05-14T13:35:00+05:30,2026-05-14T13:35:00+05:30,2026-05-14T14:35:00+05:30,BUY,23741.3,23774.9875,23714.35,23774.9875,1.25,WIN,A,80,INTRADAY ALIGNED
2026-05-15T09:45:00+05:30,2026-05-15T09:45:00+05:30,2026-05-15T11:07:00+05:30,BUY,23802.5,23763.785714285714,23763.785714285714,23850.89285714286,-1.0,LOSS,A,80,INTRADAY ALIGNED
2026-05-15T14:30:00+05:30,2026-05-15T14:30:00+05:30,2026-05-15T14:47:00+05:30,SELL,23696.95,23666.7625,23721.100000000002,23666.7625,1.25,WIN,A,65,INTRADAY ALIGNED
2026-05-18T09:50:00+05:30,2026-05-18T09:50:00+05:30,2026-05-18T10:35:00+05:30,SELL,23342.6,23394.610714285714,23394.610714285714,23277.586607142857,-1.0,LOSS,A,65,INTRADAY ALIGNED
2026-05-18T13:25:00+05:30,2026-05-18T13:25:00+05:30,2026-05-18T13:41:00+05:30,BUY,23628.0,23601.014285714286,23601.014285714286,23661.73214285714,-1.0,LOSS,A,65,INTRADAY ALIGNED
2026-05-18T13:55:00+05:30,2026-05-18T13:55:00+05:30,2026-05-18T14:08:00+05:30,BUY,23642.5,23616.50357142857,23616.50357142857,23674.995535714286,-1.0,LOSS,A,65,INTRADAY ALIGNED
2026-05-19T10:15:00+05:30,2026-05-19T10:15:00+05:30,2026-05-19T11:16:00+05:30,BUY,23753.75,23709.092857142856,23709.092857142856,23809.571428571428,-1.0,LOSS,A,65,INTRADAY ALIGNED
2026-05-20T10:15:00+05:30,2026-05-20T10:15:00+05:30,2026-05-20T10:32:00+05:30,SELL,23500.3,23542.189285714285,23542.189285714285,23447.93839285714,-1.0,LOSS,A,65,INTRADAY ALIGNED
2026-05-20T14:15:00+05:30,2026-05-20T14:15:00+05:30,2026-05-20T14:42:00+05:30,BUY,23652.25,23680.16517857143,23629.917857142857,23680.16517857143,1.25,WIN,A,65,INTRADAY ALIGNED
2026-05-21T09:45:00+05:30,2026-05-21T09:45:00+05:30,2026-05-21T10:09:00+05:30,BUY,23793.9,23755.442857142858,23755.442857142858,23841.97142857143,-1.0,LOSS,A,65,INTRADAY ALIGNED
2026-05-21T13:05:00+05:30,2026-05-21T13:05:00+05:30,2026-05-21T13:11:00+05:30,SELL,23619.85,23648.767857142855,23648.767857142855,23583.702678571426,-1.0,LOSS,A,65,INTRADAY ALIGNED
2026-05-22T09:55:00+05:30,2026-05-22T09:55:00+05:30,2026-05-22T11:26:00+05:30,BUY,23774.35,23769.5,23740.942857142854,23816.108928571426,-0.1452,TIME_EXIT,A,65,INTRADAY ALIGNED
2026-05-22T11:45:00+05:30,2026-05-22T11:45:00+05:30,2026-05-22T12:22:00+05:30,BUY,23807.7,23788.010714285716,23788.010714285716,23832.31160714286,-1.0,LOSS,A,65,INTRADAY ALIGNED
2026-05-22T12:45:00+05:30,2026-05-22T12:45:00+05:30,2026-05-22T12:49:00+05:30,BUY,23792.95,23814.195535714287,23775.95357142857,23814.195535714287,1.25,WIN,A,75,INTRADAY ALIGNED
2026-05-22T12:50:00+05:30,2026-05-22T12:50:00+05:30,2026-05-22T12:58:00+05:30,BUY,23813.0,23835.0,23795.4,23835.0,1.25,WIN,A,75,INTRADAY ALIGNED
2026-05-22T13:00:00+05:30,2026-05-22T13:00:00+05:30,2026-05-22T13:19:00+05:30,BUY,23828.25,23812.792857142857,23812.792857142857,23847.571428571428,-1.0,LOSS,A+,90,INTRADAY ALIGNED
2026-05-25T10:45:00+05:30,2026-05-25T10:45:00+05:30,2026-05-25T11:03:00+05:30,BUY,23989.0,23971.985714285714,23971.985714285714,24010.26785714286,-1.0,LOSS,A,80,INTRADAY ALIGNED
2026-05-25T11:15:00+05:30,2026-05-25T11:15:00+05:30,2026-05-25T11:22:00+05:30,BUY,23989.0,23974.371428571427,23974.371428571427,24007.285714285714,-1.0,LOSS,A,80,INTRADAY ALIGNED
2026-05-25T13:20:00+05:30,2026-05-25T13:20:00+05:30,2026-05-25T13:43:00+05:30,BUY,23983.35,23970.15357142857,23970.15357142857,23999.845535714285,-1.0,LOSS,A,65,INTRADAY ALIGNED
2026-05-25T14:40:00+05:30,2026-05-25T14:40:00+05:30,2026-05-25T14:46:00+05:30,BUY,23997.35,24014.18482142857,23983.882142857143,24014.18482142857,1.25,WIN,A,70,INTRADAY ALIGNED
2026-05-26T09:30:00+05:30,2026-05-26T09:30:00+05:30,2026-05-26T09:39:00+05:30,BUY,24034.4,24061.194642857146,24012.964285714286,24061.194642857146,1.25,WIN,A,70,INTRADAY ALIGNED
2026-05-26T09:40:00+05:30,2026-05-26T09:40:00+05:30,2026-05-26T09:53:00+05:30,BUY,24069.2,24045.575,24045.575,24098.73125,-1.0,LOSS,A,70,INTRADAY ALIGNED
2026-05-26T10:15:00+05:30,2026-05-26T10:15:00+05:30,2026-05-26T11:31:00+05:30,BUY,24063.05,24035.442857142854,24035.442857142854,24097.558928571427,-1.0,LOSS,A,75,INTRADAY ALIGNED
2026-05-26T13:15:00+05:30,2026-05-26T13:15:00+05:30,2026-05-26T13:31:00+05:30,SELL,23974.9,23993.242857142857,23993.242857142857,23951.97142857143,-1.0,LOSS,A,65,INTRADAY ALIGNED
2026-05-26T13:45:00+05:30,2026-05-26T13:45:00+05:30,2026-05-26T14:01:00+05:30,SELL,23957.2,23932.14642857143,23977.242857142857,23932.14642857143,1.25,WIN,A,65,INTRADAY ALIGNED
2026-05-26T14:05:00+05:30,2026-05-26T14:05:00+05:30,2026-05-26T14:09:00+05:30,SELL,23916.5,23936.425,23936.425,23891.59375,-1.0,LOSS,A,65,INTRADAY ALIGNED
2026-05-26T14:10:00+05:30,2026-05-26T14:10:00+05:30,2026-05-26T14:38:00+05:30,SELL,23926.45,23900.258035714287,23947.40357142857,23900.258035714287,1.25,WIN,A,65,INTRADAY ALIGNED
2026-05-26T14:40:00+05:30,2026-05-26T14:40:00+05:30,2026-05-26T15:09:00+05:30,SELL,23904.7,23926.010714285716,23926.010714285716,23878.06160714286,-1.0,LOSS,A,65,INTRADAY ALIGNED
2026-05-27T10:00:00+05:30,2026-05-27T10:00:00+05:30,2026-05-27T10:05:00+05:30,SELL,23875.45,23904.589285714286,23904.589285714286,23839.025892857142,-1.0,LOSS,A,65,INTRADAY ALIGNED
2026-05-27T13:50:00+05:30,2026-05-27T13:50:00+05:30,2026-05-27T13:54:00+05:30,SELL,23893.2,23910.178571428572,23910.178571428572,23871.976785714287,-1.0,LOSS,A,80,INTRADAY ALIGNED
2026-05-27T14:15:00+05:30,2026-05-27T14:15:00+05:30,2026-05-27T14:23:00+05:30,SELL,23895.6,23912.18571428571,23912.18571428571,23874.867857142857,-1.0,LOSS,A,80,INTRADAY ALIGNED
2026-05-27T14:35:00+05:30,2026-05-27T14:35:00+05:30,2026-05-27T14:58:00+05:30,SELL,23873.65,23892.039285714287,23892.039285714287,23850.663392857146,-1.0,LOSS,A,80,INTRADAY ALIGNED
2026-05-29T12:15:00+05:30,2026-05-29T12:15:00+05:30,2026-05-29T12:28:00+05:30,SELL,23835.95,23853.753571428573,23853.753571428573,23813.695535714287,-1.0,LOSS,A,80,INTRADAY ALIGNED
2026-05-29T12:55:00+05:30,2026-05-29T12:55:00+05:30,2026-05-29T13:06:00+05:30,SELL,23837.35,23814.680357142854,23855.485714285714,23814.680357142854,1.25,WIN,A,80,INTRADAY ALIGNED
2026-05-29T13:10:00+05:30,2026-05-29T13:10:00+05:30,2026-05-29T13:14:00+05:30,SELL,23798.45,23775.561607142856,23816.760714285716,23775.561607142856,1.25,WIN,A,80,INTRADAY ALIGNED
2026-05-29T13:15:00+05:30,2026-05-29T13:15:00+05:30,2026-05-29T13:19:00+05:30,SELL,23769.65,23788.475000000002,23788.475000000002,23746.11875,-1.0,LOSS,A,80,INTRADAY ALIGNED
2026-05-29T13:20:00+05:30,2026-05-29T13:20:00+05:30,2026-05-29T13:50:00+05:30,SELL,23780.45,23755.02142857143,23800.792857142857,23755.02142857143,1.25,WIN,A,80,INTRADAY ALIGNED
2026-05-29T13:55:00+05:30,2026-05-29T13:55:00+05:30,2026-05-29T14:31:00+05:30,SELL,23746.35,23765.77142857143,23765.77142857143,23722.073214285712,-1.0,LOSS,A+,90,INTRADAY ALIGNED
2026-06-01T09:45:00+05:30,2026-06-01T09:45:00+05:30,2026-06-01T11:16:00+05:30,SELL,23575.35,23602.15,23639.821428571428,23494.760714285712,-0.4157,TIME_EXIT,A+,90,INTRADAY ALIGNED
2026-06-01T12:00:00+05:30,2026-06-01T12:00:00+05:30,2026-06-01T12:07:00+05:30,SELL,23493.65,23520.007142857143,23520.007142857143,23460.703571428574,-1.0,LOSS,A,80,INTRADAY ALIGNED
2026-06-01T12:10:00+05:30,2026-06-01T12:10:00+05:30,2026-06-01T12:15:00+05:30,SELL,23506.9,23531.985714285714,23531.985714285714,23475.54285714286,-1.0,LOSS,A,80,INTRADAY ALIGNED
2026-06-01T13:05:00+05:30,2026-06-01T13:05:00+05:30,2026-06-01T13:12:00+05:30,SELL,23495.7,23466.525892857142,23519.039285714287,23466.525892857142,1.25,WIN,A+,90,INTRADAY ALIGNED
2026-06-01T13:15:00+05:30,2026-06-01T13:15:00+05:30,2026-06-01T13:30:00+05:30,SELL,23459.95,23481.25,23481.25,23433.325,-1.0,LOSS,A+,90,INTRADAY ALIGNED
2026-06-01T13:50:00+05:30,2026-06-01T13:50:00+05:30,2026-06-01T14:03:00+05:30,SELL,23461.95,23435.18660714286,23483.360714285714,23435.18660714286,1.25,WIN,A+,90,INTRADAY ALIGNED
2026-06-01T14:05:00+05:30,2026-06-01T14:05:00+05:30,2026-06-01T14:15:00+05:30,SELL,23442.9,23415.038392857143,23465.18928571429,23415.038392857143,1.25,WIN,A+,90,INTRADAY ALIGNED
2026-06-01T14:20:00+05:30,2026-06-01T14:20:00+05:30,2026-06-01T14:25:00+05:30,SELL,23422.55,23396.41607142857,23443.457142857143,23396.41607142857,1.25,WIN,A+,90,INTRADAY ALIGNED
2026-06-01T14:30:00+05:30,2026-06-01T14:30:00+05:30,2026-06-01T14:39:00+05:30,SELL,23394.1,23415.43571428571,23415.43571428571,23367.430357142857,-1.0,LOSS,A+,90,INTRADAY ALIGNED
2026-06-02T10:15:00+05:30,2026-06-02T10:15:00+05:30,2026-06-02T10:22:00+05:30,SELL,23281.95,23317.485714285714,23317.485714285714,23237.530357142856,-1.0,LOSS,A,75,INTRADAY ALIGNED
2026-06-02T11:45:00+05:30,2026-06-02T11:45:00+05:30,2026-06-02T12:34:00+05:30,SELL,23298.3,23325.217857142856,23325.217857142856,23264.652678571427,-1.0,LOSS,A,75,INTRADAY ALIGNED
2026-06-02T13:30:00+05:30,2026-06-02T13:30:00+05:30,2026-06-02T14:10:00+05:30,BUY,23502.7,23545.253571428573,23468.657142857144,23545.253571428573,1.25,WIN,A,65,INTRADAY ALIGNED
2026-06-02T14:15:00+05:30,2026-06-02T14:15:00+05:30,2026-06-02T14:20:00+05:30,BUY,23540.1,23516.02142857143,23516.02142857143,23570.198214285712,-1.0,LOSS,A,65,INTRADAY ALIGNED
2026-06-03T10:15:00+05:30,2026-06-03T10:15:00+05:30,2026-06-03T11:46:00+05:30,SELL,23240.45,23219.4,23288.007142857143,23181.003571428573,0.4426,TIME_EXIT,A,65,INTRADAY ALIGNED
2026-06-03T12:00:00+05:30,2026-06-03T12:00:00+05:30,2026-06-03T12:04:00+05:30,SELL,23193.25,23165.316964285714,23215.59642857143,23165.316964285714,1.25,WIN,A+,90,INTRADAY ALIGNED
2026-06-03T12:05:00+05:30,2026-06-03T12:05:00+05:30,2026-06-03T12:22:00+05:30,SELL,23172.0,23196.95357142857,23196.95357142857,23140.808035714286,-1.0,LOSS,A+,90,INTRADAY ALIGNED
2026-06-03T14:15:00+05:30,2026-06-03T14:15:00+05:30,2026-06-03T14:24:00+05:30,BUY,23388.3,23429.514285714286,23355.32857142857,23429.514285714286,1.25,WIN,A,65,INTRADAY ALIGNED
2026-06-03T14:25:00+05:30,2026-06-03T14:25:00+05:30,2026-06-03T15:02:00+05:30,BUY,23434.7,23399.875,23399.875,23478.23125,-1.0,LOSS,A,65,INTRADAY ALIGNED
2026-06-04T10:05:00+05:30,2026-06-04T10:05:00+05:30,2026-06-04T10:38:00+05:30,BUY,23421.15,23380.985714285714,23380.985714285714,23471.35535714286,-1.0,LOSS,A,65,INTRADAY ALIGNED
2026-06-04T10:50:00+05:30,2026-06-04T10:50:00+05:30,2026-06-04T11:04:00+05:30,BUY,23420.3,23389.067857142858,23389.067857142858,23459.340178571427,-1.0,LOSS,A,65,INTRADAY ALIGNED
2026-06-04T11:45:00+05:30,2026-06-04T11:45:00+05:30,2026-06-04T11:54:00+05:30,BUY,23443.75,23416.739285714284,23416.739285714284,23477.51339285714,-1.0,LOSS,A,65,INTRADAY ALIGNED
2026-06-05T10:15:00+05:30,2026-06-05T10:15:00+05:30,2026-06-05T10:36:00+05:30,BUY,23467.7,23430.535714285717,23430.535714285717,23514.155357142856,-1.0,LOSS,A,65,INTRADAY ALIGNED
2026-06-05T13:00:00+05:30,2026-06-05T13:00:00+05:30,2026-06-05T13:12:00+05:30,SELL,23367.55,23337.585714285713,23391.52142857143,23337.585714285713,1.25,WIN,A,65,INTRADAY ALIGNED
2026-06-05T13:15:00+05:30,2026-06-05T13:15:00+05:30,2026-06-05T13:31:00+05:30,SELL,23337.95,23308.6375,23361.4,23308.6375,1.25,WIN,A,65,INTRADAY ALIGNED
2026-06-05T13:35:00+05:30,2026-06-05T13:35:00+05:30,2026-06-05T14:01:00+05:30,SELL,23310.9,23339.060714285715,23339.060714285715,23275.69910714286,-1.0,LOSS,A,80,INTRADAY ALIGNED
2026-06-05T14:20:00+05:30,2026-06-05T14:20:00+05:30,2026-06-05T14:27:00+05:30,SELL,23311.45,23336.717857142856,23336.717857142856,23279.865178571432,-1.0,LOSS,A,80,INTRADAY ALIGNED
2026-06-08T14:15:00+05:30,2026-06-08T14:15:00+05:30,2026-06-08T14:45:00+05:30,SELL,23157.35,23174.682142857142,23174.682142857142,23135.68482142857,-1.0,LOSS,A,80,INTRADAY ALIGNED
2026-06-09T10:50:00+05:30,2026-06-09T10:50:00+05:30,2026-06-09T10:55:00+05:30,SELL,23132.15,23154.46785714286,23154.46785714286,23104.25267857143,-1.0,LOSS,A,80,INTRADAY ALIGNED
2026-06-09T14:10:00+05:30,2026-06-09T14:10:00+05:30,2026-06-09T14:25:00+05:30,BUY,23207.2,23187.92142857143,23187.92142857143,23231.298214285714,-1.0,LOSS,A,65,INTRADAY ALIGNED
2026-06-09T14:30:00+05:30,2026-06-09T14:30:00+05:30,2026-06-09T14:40:00+05:30,BUY,23214.95,23237.173214285714,23197.17142857143,23237.173214285714,1.25,WIN,A,65,INTRADAY ALIGNED
2026-06-09T14:45:00+05:30,2026-06-09T14:45:00+05:30,2026-06-09T14:57:00+05:30,BUY,23251.1,23275.81875,23231.324999999997,23275.81875,1.25,WIN,A,65,INTRADAY ALIGNED
2026-06-10T09:45:00+05:30,2026-06-10T09:45:00+05:30,2026-06-10T10:15:00+05:30,BUY,23353.7,23321.692857142858,23321.692857142858,23393.70892857143,-1.0,LOSS,A,65,INTRADAY ALIGNED
2026-06-10T11:15:00+05:30,2026-06-10T11:15:00+05:30,2026-06-10T11:31:00+05:30,BUY,23373.65,23399.41785714286,23353.035714285717,23399.41785714286,1.25,WIN,A,80,INTRADAY ALIGNED
2026-06-10T11:35:00+05:30,2026-06-10T11:35:00+05:30,2026-06-10T12:41:00+05:30,BUY,23388.45,23370.067857142858,23370.067857142858,23411.42767857143,-1.0,LOSS,A,80,INTRADAY ALIGNED
2026-06-10T13:05:00+05:30,2026-06-10T13:05:00+05:30,2026-06-10T13:20:00+05:30,BUY,23417.35,23398.699999999997,23398.699999999997,23440.6625,-1.0,LOSS,A+,90,INTRADAY ALIGNED
2026-06-10T14:45:00+05:30,2026-06-10T14:45:00+05:30,2026-06-10T15:06:00+05:30,SELL,23262.85,23232.69375,23286.975,23232.69375,1.25,WIN,A,65,INTRADAY ALIGNED
2026-06-11T10:00:00+05:30,2026-06-11T10:00:00+05:30,2026-06-11T10:09:00+05:30,SELL,23117.6,23156.121428571427,23156.121428571427,23069.448214285712,-1.0,LOSS,A,65,INTRADAY ALIGNED
2026-06-11T12:35:00+05:30,2026-06-11T12:35:00+05:30,2026-06-11T12:38:00+05:30,BUY,23322.05,23301.78214285714,23301.78214285714,23347.38482142857,-1.0,LOSS,A,65,INTRADAY ALIGNED
2026-06-11T12:40:00+05:30,2026-06-11T12:40:00+05:30,2026-06-11T12:50:00+05:30,BUY,23299.75,23278.70357142857,23278.70357142857,23326.058035714286,-1.0,LOSS,A,65,INTRADAY ALIGNED
2026-06-11T13:00:00+05:30,2026-06-11T13:00:00+05:30,2026-06-11T13:10:00+05:30,BUY,23308.25,23288.024999999998,23288.024999999998,23333.53125,-1.0,LOSS,A,65,INTRADAY ALIGNED
2026-06-12T11:15:00+05:30,2026-06-12T11:15:00+05:30,2026-06-12T11:20:00+05:30,BUY,23379.1,23361.175,23361.175,23401.50625,-1.0,LOSS,A,80,INTRADAY ALIGNED
2026-06-12T11:35:00+05:30,2026-06-12T11:35:00+05:30,2026-06-12T11:49:00+05:30,BUY,23367.25,23387.495535714286,23351.053571428572,23387.495535714286,1.25,WIN,A,70,INTRADAY ALIGNED
2026-06-12T11:50:00+05:30,2026-06-12T11:50:00+05:30,2026-06-12T12:09:00+05:30,BUY,23386.7,23371.04642857143,23371.04642857143,23406.266964285714,-1.0,LOSS,A+,90,INTRADAY ALIGNED
2026-06-12T13:35:00+05:30,2026-06-12T13:35:00+05:30,2026-06-12T13:38:00+05:30,BUY,23426.7,23452.09285714286,23406.385714285716,23452.09285714286,1.25,WIN,A,80,INTRADAY ALIGNED
2026-06-12T13:40:00+05:30,2026-06-12T13:40:00+05:30,2026-06-12T13:48:00+05:30,BUY,23463.45,23491.798214285714,23440.77142857143,23491.798214285714,1.25,WIN,A,80,INTRADAY ALIGNED
2026-06-12T13:50:00+05:30,2026-06-12T13:50:00+05:30,2026-06-12T14:15:00+05:30,BUY,23494.55,23524.21964285714,23470.814285714285,23524.21964285714,1.25,WIN,A,80,INTRADAY ALIGNED
2026-06-12T14:20:00+05:30,2026-06-12T14:20:00+05:30,2026-06-12T14:41:00+05:30,BUY,23536.7,23570.8875,23509.35,23570.8875,1.25,WIN,A,80,INTRADAY ALIGNED
2026-06-12T14:45:00+05:30,2026-06-12T14:45:00+05:30,2026-06-12T14:54:00+05:30,BUY,23571.85,23601.979464285712,23547.746428571427,23601.979464285712,1.25,WIN,A+,90,INTRADAY ALIGNED
2026-06-15T09:45:00+05:30,2026-06-15T09:45:00+05:30,2026-06-15T11:16:00+05:30,BUY,23966.55,23965.55,23917.275,24028.14375,-0.0203,TIME_EXIT,A+,90,INTRADAY ALIGNED
2026-06-16T10:45:00+05:30,2026-06-16T10:45:00+05:30,2026-06-16T11:11:00+05:30,BUY,23962.2,23941.31428571429,23941.31428571429,23988.307142857142,-1.0,LOSS,A,80,INTRADAY ALIGNED
2026-06-16T13:15:00+05:30,2026-06-16T13:15:00+05:30,2026-06-16T13:28:00+05:30,BUY,23946.65,23968.998214285715,23928.77142857143,23968.998214285715,1.25,WIN,A,75,INTRADAY ALIGNED
2026-06-16T13:30:00+05:30,2026-06-16T13:30:00+05:30,2026-06-16T14:11:00+05:30,BUY,23967.15,23990.86875,23948.175000000003,23990.86875,1.25,WIN,A+,90,INTRADAY ALIGNED
2026-06-16T14:15:00+05:30,2026-06-16T14:15:00+05:30,2026-06-16T14:25:00+05:30,BUY,23994.0,23979.40357142857,23979.40357142857,24012.245535714286,-1.0,LOSS,A+,90,INTRADAY ALIGNED
2026-06-16T14:35:00+05:30,2026-06-16T14:35:00+05:30,2026-06-16T14:44:00+05:30,BUY,23995.35,23981.910714285714,23981.910714285714,24012.149107142857,-1.0,LOSS,A+,90,INTRADAY ALIGNED
2026-06-17T09:30:00+05:30,2026-06-17T09:30:00+05:30,2026-06-17T09:41:00+05:30,BUY,24022.75,24054.120535714286,23997.65357142857,24054.120535714286,1.25,WIN,A,70,INTRADAY ALIGNED
2026-06-17T09:45:00+05:30,2026-06-17T09:45:00+05:30,2026-06-17T10:56:00+05:30,BUY,24063.8,24094.335714285713,24039.371428571427,24094.335714285713,1.25,WIN,A+,90,INTRADAY ALIGNED
2026-06-17T11:20:00+05:30,2026-06-17T11:20:00+05:30,2026-06-17T11:34:00+05:30,BUY,24088.55,24107.59464285714,24073.314285714285,24107.59464285714,1.25,WIN,A,80,INTRADAY ALIGNED
2026-06-17T11:35:00+05:30,2026-06-17T11:35:00+05:30,2026-06-17T11:38:00+05:30,BUY,24099.45,24085.492857142857,24085.492857142857,24116.89642857143,-1.0,LOSS,A+,90,INTRADAY ALIGNED
2026-06-18T09:30:00+05:30,2026-06-18T09:30:00+05:30,2026-06-18T09:38:00+05:30,BUY,24092.2,24071.314285714285,24071.314285714285,24118.307142857146,-1.0,LOSS,A,70,INTRADAY ALIGNED
2026-06-18T09:45:00+05:30,2026-06-18T09:45:00+05:30,2026-06-18T10:40:00+05:30,BUY,24112.0,24088.525,24088.525,24141.34375,-1.0,LOSS,A+,90,INTRADAY ALIGNED
2026-06-18T12:30:00+05:30,2026-06-18T12:30:00+05:30,2026-06-18T13:26:00+05:30,BUY,24120.85,24103.796428571426,24103.796428571426,24142.166964285712,-1.0,LOSS,A,75,INTRADAY ALIGNED
2026-06-19T10:55:00+05:30,2026-06-19T10:55:00+05:30,2026-06-19T11:16:00+05:30,SELL,23947.2,23965.860714285714,23965.860714285714,23923.87410714286,-1.0,LOSS,A,65,INTRADAY ALIGNED
2026-06-19T11:25:00+05:30,2026-06-19T11:25:00+05:30,2026-06-19T11:36:00+05:30,SELL,23949.0,23965.260714285716,23965.260714285716,23928.67410714286,-1.0,LOSS,A,80,INTRADAY ALIGNED
2026-06-19T11:50:00+05:30,2026-06-19T11:50:00+05:30,2026-06-19T12:02:00+05:30,SELL,23945.0,23960.125,23960.125,23926.09375,-1.0,LOSS,A,80,INTRADAY ALIGNED
2026-06-19T12:45:00+05:30,2026-06-19T12:45:00+05:30,2026-06-19T12:59:00+05:30,SELL,23952.05,23934.55,23966.05,23934.55,1.25,WIN,A,65,INTRADAY ALIGNED
2026-06-19T13:25:00+05:30,2026-06-19T13:25:00+05:30,2026-06-19T13:32:00+05:30,SELL,23916.8,23932.85714285714,23932.85714285714,23896.72857142857,-1.0,LOSS,A,80,INTRADAY ALIGNED
2026-06-22T10:00:00+05:30,2026-06-22T10:00:00+05:30,2026-06-22T11:31:00+05:30,BUY,24141.5,24161.3,24117.125,24171.96875,0.8123,TIME_EXIT,A,65,INTRADAY ALIGNED
2026-06-22T11:35:00+05:30,2026-06-22T11:35:00+05:30,2026-06-22T11:43:00+05:30,BUY,24161.9,24149.153571428575,24149.153571428575,24177.833035714288,-1.0,LOSS,A+,90,INTRADAY ALIGNED
2026-06-23T11:00:00+05:30,2026-06-23T11:00:00+05:30,2026-06-23T11:08:00+05:30,SELL,24093.6,24106.189285714285,24106.189285714285,24077.863392857143,-1.0,LOSS,A,65,INTRADAY ALIGNED
2026-06-23T11:45:00+05:30,2026-06-23T11:45:00+05:30,2026-06-23T11:46:00+05:30,SELL,24082.5,24065.410714285714,24096.17142857143,24065.410714285714,1.25,WIN,A,65,INTRADAY ALIGNED
2026-06-23T11:50:00+05:30,2026-06-23T11:50:00+05:30,2026-06-23T11:56:00+05:30,SELL,24022.55,24000.795535714286,24039.95357142857,24000.795535714286,1.25,WIN,A,65,INTRADAY ALIGNED
2026-06-23T12:00:00+05:30,2026-06-23T12:00:00+05:30,2026-06-23T12:09:00+05:30,SELL,23982.6,23957.74732142857,24002.48214285714,23957.74732142857,1.25,WIN,A,65,INTRADAY ALIGNED
2026-06-23T12:10:00+05:30,2026-06-23T12:10:00+05:30,2026-06-23T12:22:00+05:30,SELL,23967.35,23940.867857142854,23988.535714285714,23940.867857142854,1.25,WIN,A,65,INTRADAY ALIGNED
2026-06-23T12:25:00+05:30,2026-06-23T12:25:00+05:30,2026-06-23T12:27:00+05:30,SELL,23923.6,23947.317857142858,23947.317857142858,23893.952678571426,-1.0,LOSS,A,65,INTRADAY ALIGNED
2026-06-23T12:30:00+05:30,2026-06-23T12:30:00+05:30,2026-06-23T13:02:00+05:30,SELL,23949.65,23918.703571428574,23974.407142857144,23918.703571428574,1.25,WIN,A,80,INTRADAY ALIGNED
2026-06-23T13:05:00+05:30,2026-06-23T13:05:00+05:30,2026-06-23T13:31:00+05:30,SELL,23920.65,23891.654464285715,23943.84642857143,23891.654464285715,1.25,WIN,A,80,INTRADAY ALIGNED
2026-06-23T13:35:00+05:30,2026-06-23T13:35:00+05:30,2026-06-23T13:44:00+05:30,SELL,23870.95,23891.732142857145,23891.732142857145,23844.972321428573,-1.0,LOSS,A,80,INTRADAY ALIGNED
2026-06-23T13:55:00+05:30,2026-06-23T13:55:00+05:30,2026-06-23T14:06:00+05:30,SELL,23876.6,23896.65357142857,23896.65357142857,23851.533035714285,-1.0,LOSS,A,80,INTRADAY ALIGNED
2026-06-24T09:50:00+05:30,2026-06-24T09:50:00+05:30,2026-06-24T10:01:00+05:30,SELL,23818.35,23855.639285714286,23855.639285714286,23771.738392857143,-1.0,LOSS,A+,90,INTRADAY ALIGNED
2026-06-24T11:45:00+05:30,2026-06-24T11:45:00+05:30,2026-06-24T12:11:00+05:30,BUY,24006.45,23986.317857142858,23986.317857142858,24031.61517857143,-1.0,LOSS,A,65,INTRADAY ALIGNED
2026-06-24T12:25:00+05:30,2026-06-24T12:25:00+05:30,2026-06-24T12:30:00+05:30,BUY,24005.8,23989.171428571426,23989.171428571426,24026.585714285713,-1.0,LOSS,A,65,INTRADAY ALIGNED
2026-06-24T13:10:00+05:30,2026-06-24T13:10:00+05:30,2026-06-24T13:18:00+05:30,BUY,24020.1,24041.983928571426,24002.592857142856,24041.983928571426,1.25,WIN,A,65,INTRADAY ALIGNED
2026-06-24T13:20:00+05:30,2026-06-24T13:20:00+05:30,2026-06-24T13:35:00+05:30,BUY,24046.5,24068.799107142855,24028.660714285714,24068.799107142855,1.25,WIN,A,65,INTRADAY ALIGNED
2026-06-24T13:40:00+05:30,2026-06-24T13:40:00+05:30,2026-06-24T13:59:00+05:30,BUY,24070.6,24051.85714285714,24051.85714285714,24094.02857142857,-1.0,LOSS,A,65,INTRADAY ALIGNED
2026-06-24T14:20:00+05:30,2026-06-24T14:20:00+05:30,2026-06-24T14:33:00+05:30,BUY,24058.05,24040.317857142858,24040.317857142858,24080.215178571427,-1.0,LOSS,A,80,INTRADAY ALIGNED
2026-06-25T10:00:00+05:30,2026-06-25T10:00:00+05:30,2026-06-25T11:31:00+05:30,BUY,24178.65,24182.45,24149.11785714286,24215.56517857143,0.1287,TIME_EXIT,A,65,INTRADAY ALIGNED
2026-06-25T11:45:00+05:30,2026-06-25T11:45:00+05:30,2026-06-25T11:58:00+05:30,BUY,24197.1,24216.225,24181.8,24216.225,1.25,WIN,A+,90,INTRADAY ALIGNED
2026-06-25T12:00:00+05:30,2026-06-25T12:00:00+05:30,2026-06-25T12:12:00+05:30,BUY,24238.75,24258.745535714286,24222.75357142857,24258.745535714286,1.25,WIN,A+,90,INTRADAY ALIGNED
2026-06-25T14:45:00+05:30,2026-06-25T14:45:00+05:30,2026-06-25T14:54:00+05:30,SELL,24072.75,24096.139285714286,24096.139285714286,24043.51339285714,-1.0,LOSS,A,65,INTRADAY ALIGNED
2026-06-29T11:35:00+05:30,2026-06-29T11:35:00+05:30,2026-06-29T12:13:00+05:30,SELL,24030.85,24001.358928571426,24054.442857142854,24001.358928571426,1.25,WIN,A,80,INTRADAY ALIGNED
2026-06-29T12:15:00+05:30,2026-06-29T12:15:00+05:30,2026-06-29T12:30:00+05:30,SELL,23995.95,23972.58392857143,24014.64285714286,23972.58392857143,1.25,WIN,A,80,INTRADAY ALIGNED
2026-06-29T12:35:00+05:30,2026-06-29T12:35:00+05:30,2026-06-29T12:58:00+05:30,SELL,23944.5,23965.3,23965.3,23918.5,-1.0,LOSS,A,80,INTRADAY ALIGNED
2026-06-29T13:25:00+05:30,2026-06-29T13:25:00+05:30,2026-06-29T13:31:00+05:30,SELL,23951.8,23972.114285714284,23972.114285714284,23926.40714285714,-1.0,LOSS,A,80,INTRADAY ALIGNED
2026-06-30T09:30:00+05:30,2026-06-30T09:30:00+05:30,2026-06-30T09:48:00+05:30,SELL,23896.7,23854.360714285714,23930.571428571428,23854.360714285714,1.25,WIN,A,70,INTRADAY ALIGNED
2026-06-30T09:50:00+05:30,2026-06-30T09:50:00+05:30,2026-06-30T10:03:00+05:30,SELL,23857.1,23891.807142857142,23891.807142857142,23813.71607142857,-1.0,LOSS,A+,90,INTRADAY ALIGNED
2026-07-01T11:15:00+05:30,2026-07-01T11:15:00+05:30,2026-07-01T11:34:00+05:30,BUY,24018.75,23998.17142857143,23998.17142857143,24044.473214285714,-1.0,LOSS,A,65,INTRADAY ALIGNED
2026-07-01T11:50:00+05:30,2026-07-01T11:50:00+05:30,2026-07-01T11:56:00+05:30,BUY,24018.85,24000.65714285714,24000.65714285714,24041.59107142857,-1.0,LOSS,A,65,INTRADAY ALIGNED
2026-07-01T12:00:00+05:30,2026-07-01T12:00:00+05:30,2026-07-01T12:10:00+05:30,BUY,24026.1,24048.30089285714,24008.339285714286,24048.30089285714,1.25,WIN,A,80,INTRADAY ALIGNED
2026-07-01T13:40:00+05:30,2026-07-01T13:40:00+05:30,2026-07-01T13:45:00+05:30,BUY,24039.8,24022.825,24022.825,24061.01875,-1.0,LOSS,A,80,INTRADAY ALIGNED
2026-07-01T14:15:00+05:30,2026-07-01T14:15:00+05:30,2026-07-01T14:31:00+05:30,BUY,24036.05,24021.089285714286,24021.089285714286,24054.75089285714,-1.0,LOSS,A,80,INTRADAY ALIGNED
2026-07-02T09:45:00+05:30,2026-07-02T09:45:00+05:30,2026-07-02T10:03:00+05:30,BUY,24147.8,24120.23214285714,24120.23214285714,24182.25982142857,-1.0,LOSS,A,65,INTRADAY ALIGNED
2026-07-02T12:20:00+05:30,2026-07-02T12:20:00+05:30,2026-07-02T13:07:00+05:30,BUY,24123.65,24141.69017857143,24109.21785714286,24141.69017857143,1.25,WIN,A,65,INTRADAY ALIGNED
2026-07-02T13:10:00+05:30,2026-07-02T13:10:00+05:30,2026-07-02T14:00:00+05:30,BUY,24141.85,24126.889285714286,24126.889285714286,24160.55089285714,-1.0,LOSS,A,70,INTRADAY ALIGNED
2026-07-02T14:40:00+05:30,2026-07-02T14:40:00+05:30,2026-07-02T14:49:00+05:30,BUY,24173.7,24193.08392857143,24158.192857142858,24193.08392857143,1.25,WIN,A+,90,INTRADAY ALIGNED
2026-07-03T09:30:00+05:30,2026-07-03T09:30:00+05:30,2026-07-03T10:05:00+05:30,BUY,24349.0,24315.1,24315.1,24391.375,-1.0,LOSS,A,70,INTRADAY ALIGNED
2026-07-03T10:30:00+05:30,2026-07-03T10:30:00+05:30,2026-07-03T11:13:00+05:30,BUY,24347.1,24325.12857142857,24325.12857142857,24374.564285714285,-1.0,LOSS,A,80,INTRADAY ALIGNED
2026-07-03T12:05:00+05:30,2026-07-03T12:05:00+05:30,2026-07-03T12:16:00+05:30,BUY,24357.8,24373.349107142858,24345.360714285714,24373.349107142858,1.25,WIN,A,80,INTRADAY ALIGNED
2026-07-03T12:20:00+05:30,2026-07-03T12:20:00+05:30,2026-07-03T12:24:00+05:30,BUY,24368.8,24356.65714285714,24356.65714285714,24383.97857142857,-1.0,LOSS,A,80,INTRADAY ALIGNED
2026-07-03T12:55:00+05:30,2026-07-03T12:55:00+05:30,2026-07-03T13:03:00+05:30,BUY,24355.8,24343.04642857143,24343.04642857143,24371.741964285713,-1.0,LOSS,A+,90,INTRADAY ALIGNED
2026-07-06T10:00:00+05:30,2026-07-06T10:00:00+05:30,2026-07-06T10:29:00+05:30,BUY,24385.25,24410.660714285714,24364.92142857143,24410.660714285714,1.25,WIN,A,65,INTRADAY ALIGNED
2026-07-06T10:30:00+05:30,2026-07-06T10:30:00+05:30,2026-07-06T11:02:00+05:30,BUY,24406.35,24427.961607142857,24389.06071428571,24427.961607142857,1.25,WIN,A,80,INTRADAY ALIGNED
2026-07-06T11:25:00+05:30,2026-07-06T11:25:00+05:30,2026-07-06T11:54:00+05:30,BUY,24425.05,24408.917857142857,24408.917857142857,24445.215178571427,-1.0,LOSS,A,80,INTRADAY ALIGNED
2026-07-06T12:00:00+05:30,2026-07-06T12:00:00+05:30,2026-07-06T12:14:00+05:30,BUY,24424.75,24441.116071428572,24411.657142857144,24441.116071428572,1.25,WIN,A+,90,INTRADAY ALIGNED
2026-07-06T12:15:00+05:30,2026-07-06T12:15:00+05:30,2026-07-06T12:50:00+05:30,BUY,24443.1,24430.87857142857,24430.87857142857,24458.376785714285,-1.0,LOSS,A+,90,INTRADAY ALIGNED
2026-07-06T13:10:00+05:30,2026-07-06T13:10:00+05:30,2026-07-06T13:21:00+05:30,BUY,24448.4,24435.81428571429,24435.81428571429,24464.132142857143,-1.0,LOSS,A+,90,INTRADAY ALIGNED
2026-07-06T13:40:00+05:30,2026-07-06T13:40:00+05:30,2026-07-06T13:45:00+05:30,BUY,24452.15,24438.62142857143,24438.62142857143,24469.060714285715,-1.0,LOSS,A+,90,INTRADAY ALIGNED
2026-07-07T09:45:00+05:30,2026-07-07T09:45:00+05:30,2026-07-07T10:11:00+05:30,BUY,24458.9,24490.65,24433.5,24490.65,1.25,WIN,A+,90,INTRADAY ALIGNED
2026-07-07T10:15:00+05:30,2026-07-07T10:15:00+05:30,2026-07-07T11:14:00+05:30,BUY,24483.35,24514.62232142857,24458.33214285714,24514.62232142857,1.25,WIN,A,75,INTRADAY ALIGNED
2026-07-07T11:15:00+05:30,2026-07-07T11:15:00+05:30,2026-07-07T12:17:00+05:30,BUY,24512.55,24495.307142857142,24495.307142857142,24534.10357142857,-1.0,LOSS,A,65,INTRADAY ALIGNED
2026-07-08T10:15:00+05:30,2026-07-08T10:15:00+05:30,2026-07-08T10:37:00+05:30,SELL,24236.2,24266.64285714286,24266.64285714286,24198.14642857143,-1.0,LOSS,A,65,INTRADAY ALIGNED
2026-07-08T11:50:00+05:30,2026-07-08T11:50:00+05:30,2026-07-08T12:09:00+05:30,SELL,24252.3,24232.19732142857,24268.382142857143,24232.19732142857,1.25,WIN,A,65,INTRADAY ALIGNED
2026-07-08T12:10:00+05:30,2026-07-08T12:10:00+05:30,2026-07-08T12:25:00+05:30,SELL,24229.0,24208.366071428572,24245.507142857143,24208.366071428572,1.25,WIN,A,80,INTRADAY ALIGNED
2026-07-08T12:30:00+05:30,2026-07-08T12:30:00+05:30,2026-07-08T12:40:00+05:30,SELL,24207.6,24184.89464285714,24225.764285714286,24184.89464285714,1.25,WIN,A,80,INTRADAY ALIGNED
2026-07-08T13:50:00+05:30,2026-07-08T13:50:00+05:30,2026-07-08T13:52:00+05:30,SELL,24120.75,24093.4375,24142.6,24093.4375,1.25,WIN,A+,90,INTRADAY ALIGNED
2026-07-08T13:55:00+05:30,2026-07-08T13:55:00+05:30,2026-07-08T13:59:00+05:30,SELL,24064.5,24033.165178571428,24089.567857142858,24033.165178571428,1.25,WIN,A+,90,INTRADAY ALIGNED
2026-07-08T14:00:00+05:30,2026-07-08T14:00:00+05:30,2026-07-08T14:05:00+05:30,SELL,24012.05,23975.250892857144,24041.489285714284,23975.250892857144,1.25,WIN,A+,90,INTRADAY ALIGNED
2026-07-08T14:10:00+05:30,2026-07-08T14:10:00+05:30,2026-07-08T14:15:00+05:30,SELL,23926.5,23881.450892857145,23962.539285714287,23881.450892857145,1.25,WIN,A+,90,INTRADAY ALIGNED
2026-07-08T14:20:00+05:30,2026-07-08T14:20:00+05:30,2026-07-08T14:37:00+05:30,SELL,23912.55,23859.692857142858,23954.835714285713,23859.692857142858,1.25,WIN,A+,90,INTRADAY ALIGNED
2026-07-08T14:40:00+05:30,2026-07-08T14:40:00+05:30,2026-07-08T15:19:00+05:30,SELL,23860.3,23911.546428571426,23911.546428571426,23796.241964285713,-1.0,LOSS,A+,90,INTRADAY ALIGNED
2026-07-09T13:30:00+05:30,2026-07-09T13:30:00+05:30,2026-07-09T13:33:00+05:30,SELL,24035.35,24054.22142857143,24054.22142857143,24011.760714285712,-1.0,LOSS,A,70,INTRADAY ALIGNED
2026-07-10T10:45:00+05:30,2026-07-10T10:45:00+05:30,2026-07-10T10:59:00+05:30,BUY,24213.3,24198.37142857143,24198.37142857143,24231.960714285713,-1.0,LOSS,A,65,INTRADAY ALIGNED
2026-07-10T12:30:00+05:30,2026-07-10T12:30:00+05:30,2026-07-10T13:19:00+05:30,BUY,24190.3,24175.321428571428,24175.321428571428,24209.023214285713,-1.0,LOSS,A,65,INTRADAY ALIGNED
2026-07-13T13:15:00+05:30,2026-07-13T13:15:00+05:30,2026-07-13T13:22:00+05:30,BUY,24222.4,24200.91785714286,24200.91785714286,24249.25267857143,-1.0,LOSS,A,80,INTRADAY ALIGNED
2026-07-13T14:30:00+05:30,2026-07-13T14:30:00+05:30,2026-07-13T15:12:00+05:30,BUY,24228.65,24210.664285714287,24210.664285714287,24251.132142857146,-1.0,LOSS,A+,90,INTRADAY ALIGNED
2026-07-14T12:10:00+05:30,2026-07-14T12:10:00+05:30,2026-07-14T12:16:00+05:30,SELL,24097.0,24073.276785714286,24115.97857142857,24073.276785714286,1.25,WIN,A,65,INTRADAY ALIGNED
2026-07-14T12:20:00+05:30,2026-07-14T12:20:00+05:30,2026-07-14T12:29:00+05:30,SELL,24087.8,24063.4875,24107.25,24063.4875,1.25,WIN,A,65,INTRADAY ALIGNED
2026-07-14T12:30:00+05:30,2026-07-14T12:30:00+05:30,2026-07-14T12:43:00+05:30,SELL,24061.75,24081.092857142856,24081.092857142856,24037.571428571428,-1.0,LOSS,A+,90,INTRADAY ALIGNED
2026-07-14T13:40:00+05:30,2026-07-14T13:40:00+05:30,2026-07-14T13:47:00+05:30,SELL,24049.35,24067.960714285713,24067.960714285713,24026.086607142857,-1.0,LOSS,A,70,INTRADAY ALIGNED
2026-07-14T14:10:00+05:30,2026-07-14T14:10:00+05:30,2026-07-14T14:48:00+05:30,SELL,24054.35,24030.742857142854,24073.235714285714,24030.742857142854,1.25,WIN,A,70,INTRADAY ALIGNED
2026-07-15T13:15:00+05:30,2026-07-15T13:15:00+05:30,2026-07-15T13:20:00+05:30,SELL,24053.7,24080.460714285717,24080.460714285717,24020.249107142856,-1.0,LOSS,A,65,INTRADAY ALIGNED
2026-07-15T13:35:00+05:30,2026-07-15T13:35:00+05:30,2026-07-15T14:09:00+05:30,SELL,24061.85,24091.65714285714,24091.65714285714,24024.59107142857,-1.0,LOSS,A,65,INTRADAY ALIGNED
2026-07-16T11:00:00+05:30,2026-07-16T11:00:00+05:30,2026-07-16T11:18:00+05:30,BUY,24170.65,24154.97142857143,24154.97142857143,24190.248214285715,-1.0,LOSS,A,65,INTRADAY ALIGNED
2026-07-16T11:40:00+05:30,2026-07-16T11:40:00+05:30,2026-07-16T11:45:00+05:30,BUY,24162.55,24147.007142857143,24147.007142857143,24181.97857142857,-1.0,LOSS,A,65,INTRADAY ALIGNED
2026-07-16T12:30:00+05:30,2026-07-16T12:30:00+05:30,2026-07-16T12:34:00+05:30,BUY,24160.65,24146.325,24146.325,24178.55625,-1.0,LOSS,A,65,INTRADAY ALIGNED
2026-07-16T13:45:00+05:30,2026-07-16T13:45:00+05:30,2026-07-16T13:52:00+05:30,SELL,24055.5,24070.24642857143,24070.24642857143,24037.066964285714,-1.0,LOSS,A,65,INTRADAY ALIGNED
2026-07-16T14:30:00+05:30,2026-07-16T14:30:00+05:30,2026-07-16T14:57:00+05:30,SELL,24089.05,24107.80357142857,24107.80357142857,24065.608035714286,-1.0,LOSS,A,65,INTRADAY ALIGNED
2026-07-17T09:45:00+05:30,2026-07-17T09:45:00+05:30,2026-07-17T10:19:00+05:30,BUY,24231.8,24267.210714285713,24203.47142857143,24267.210714285713,1.25,WIN,A,65,INTRADAY ALIGNED
2026-07-17T10:20:00+05:30,2026-07-17T10:20:00+05:30,2026-07-17T11:09:00+05:30,BUY,24273.85,24243.792857142857,24243.792857142857,24311.421428571426,-1.0,LOSS,A,65,INTRADAY ALIGNED
2026-07-17T11:55:00+05:30,2026-07-17T11:55:00+05:30,2026-07-17T12:08:00+05:30,BUY,24279.65,24264.457142857143,24264.457142857143,24298.641071428574,-1.0,LOSS,A,65,INTRADAY ALIGNED
2026-07-17T12:15:00+05:30,2026-07-17T12:15:00+05:30,2026-07-17T12:42:00+05:30,BUY,24277.3,24262.6,24262.6,24295.675,-1.0,LOSS,A,80,INTRADAY ALIGNED
2026-07-17T12:50:00+05:30,2026-07-17T12:50:00+05:30,2026-07-17T12:52:00+05:30,BUY,24294.45,24279.87142857143,24279.87142857143,24312.673214285714,-1.0,LOSS,A+,90,INTRADAY ALIGNED
2026-07-17T14:20:00+05:30,2026-07-17T14:20:00+05:30,2026-07-17T14:30:00+05:30,BUY,24308.6,24285.814285714285,24285.814285714285,24337.08214285714,-1.0,LOSS,A,65,INTRADAY ALIGNED
2026-07-17T14:45:00+05:30,2026-07-17T14:45:00+05:30,2026-07-17T15:30:00+05:30,BUY,24318.85,24351.376785714285,24292.82857142857,24351.376785714285,1.25,WIN,A+,90,INTRADAY ALIGNED
2026-07-20T11:45:00+05:30,2026-07-20T11:45:00+05:30,2026-07-20T12:04:00+05:30,SELL,24196.45,24176.409821428573,24212.482142857145,24176.409821428573,1.25,WIN,A,65,INTRADAY ALIGNED
2026-07-20T12:05:00+05:30,2026-07-20T12:05:00+05:30,2026-07-20T12:17:00+05:30,SELL,24177.2,24193.3,24193.3,24157.075,-1.0,LOSS,A,65,INTRADAY ALIGNED
2026-07-20T12:30:00+05:30,2026-07-20T12:30:00+05:30,2026-07-20T12:48:00+05:30,SELL,24172.0,24153.089285714286,24187.128571428573,24153.089285714286,1.25,WIN,A,65,INTRADAY ALIGNED
2026-07-20T12:50:00+05:30,2026-07-20T12:50:00+05:30,2026-07-20T12:53:00+05:30,SELL,24142.55,24157.825,24157.825,24123.45625,-1.0,LOSS,A,65,INTRADAY ALIGNED
2026-07-20T14:30:00+05:30,2026-07-20T14:30:00+05:30,2026-07-20T14:36:00+05:30,BUY,24254.8,24239.067857142858,24239.067857142858,24274.465178571427,-1.0,LOSS,A,75,INTRADAY ALIGNED
